vehicle_id,mode,raw_data_kb,compressed_kb,compression_time_ms,distance_m,irs_gain_db,snr_db,datarate_mbps,mac_delay_ms,tx_delay_ms,prop_delay_ms,processing_delay_ms,handover_delay_ms,total_latency_ms,energy_consumption_mj,packet_success
32,raw,1000.0,1000.0,0.0,151.88265934236063,0.0,21.552795913577327,143.39477587537436,57.22599894707279,57.12899894707279,0.000506275531141202,3.0,0.0,117.35550416967672,11.39873386909911,True
3,raw,1000.0,1000.0,0.0,250.0,0.0,20.001663375628425,133.17517148614098,61.64896753428629,61.51296753428629,0.0008333333333333333,3.0,0.0,126.16276840190591,12.273450600306555,True
33,raw,1000.0,1000.0,0.0,250.0,0.0,21.349898861717975,142.05634004724362,57.72526073102819,57.66726073102819,0.0008333333333333333,3.0,0.0,118.39335479538971,11.506131214410523,True
15,raw,1000.0,1000.0,0.0,250.0,0.0,18.798293023636575,125.27118624112862,98.2366921465117,65.39412809767447,0.0008333333333333333,3.0,0.0,166.6316535775195,13.047843941353735,True
18,raw,1000.0,1000.0,0.0,250.0,0.0,20.526128070816753,136.627135584936,60.016806608423245,59.958806608423245,0.0008333333333333333,3.0,0.0,122.97644655017982,11.963354727629387,True
39,raw,1000.0,1000.0,0.0,124.96118493492318,0.0,28.52040066468716,189.5259782143945,43.294626001988455,43.22362600198846,0.0004165372831164106,3.0,0.0,89.51866854126003,8.62424720780765,True
34,raw,1000.0,1000.0,0.0,250.0,0.0,20.57088595730012,136.92190260038052,59.887726613638456,59.82972661363846,0.0008333333333333333,3.0,0.0,122.71828656061024,11.93759988270834,True
0,raw,1000.0,1000.0,0.0,250.0,0.0,24.64404325064794,163.8303473356071,50.086945932957455,50.00294593295745,0.0008333333333333333,3.0,0.0,103.09072519924824,9.976899365745638,True
19,raw,1000.0,1000.0,0.0,249.85565275329145,0.0,18.7566193833608,124.99793350155004,98.45112518737656,65.53708345825105,0.0008328521758443049,3.0,0.0,166.98904149780344,13.076367285721858,True
37,raw,1000.0,1000.0,0.0,193.03610165005284,0.0,19.470188998276996,129.68128409895027,63.28025665592026,63.17025665592026,0.0006434536721668428,3.0,0.0,129.45115676551268,12.604123253246968,True
1,raw,1000.0,1000.0,0.0,198.46286268749444,0.0,19.22937473800299,128.09972104942065,64.04717828992415,63.950178289924146,0.0006615428756249815,3.0,0.0,130.99801812272392,12.759738077742659,True
20,raw,1000.0,1000.0,0.0,250.0,0.0,22.912807747518173,152.3765683733407,53.84554672238469,53.761546722384686,0.0008333333333333333,3.0,0.0,110.60792677810271,10.72683881696128,True
11,raw,1000.0,1000.0,0.0,250.0,0.0,23.144682021147602,153.90947475500613,53.349092890252955,53.22609289025296,0.0008333333333333333,3.0,0.0,109.57601911383924,10.620001731695469,True
7,raw,1000.0,1000.0,0.0,250.0,0.0,25.714570970495828,170.921209034278,47.98651657372203,47.92851657372203,0.0008333333333333333,3.0,0.0,98.9158664807774,9.562996293190889,True
4,raw,1000.0,1000.0,0.0,91.36225643408305,0.0,30.70416539970708,204.01858402641298,40.23720486166807,40.153204861668065,0.00030454085478027684,3.0,50.0,133.39071426419093,8.011617648571146,True
43,raw,1000.0,1000.0,0.0,166.57066864949235,0.0,27.84493106875574,185.04507145358815,44.39329553205186,44.27029553205186,0.0005552355621649746,3.0,50.0,141.66414629966587,8.833085234763821,True
23,raw,1000.0,1000.0,0.0,250.0,0.0,17.224159593716365,114.97647342716823,71.33335872371505,71.24935872371505,0.0008333333333333333,3.0,0.0,145.58355078076343,14.216116042712775,True
20,raw,1000.0,1000.0,0.0,250.0,0.0,24.087520669422062,160.1463819710969,51.224200585439924,51.153200585439926,0.0008333333333333333,3.0,0.0,105.37823450421318,10.206405341817227,True
2,raw,1000.0,1000.0,0.0,226.88261328970398,0.0,25.173139532542294,167.33426394482234,49.09190303430786,48.95590303430786,0.0007562753776323467,3.0,0.0,101.04856234399335,9.767986841962506,True
16,raw,1000.0,1000.0,0.0,100.25259816885959,0.0,30.736754877797523,204.23492056488868,40.246672442018905,40.1106724420189,0.00033417532722953197,3.0,0.0,83.35767905936504,8.003131315162104,True
34,raw,1000.0,1000.0,0.0,250.0,0.0,31.006163401465805,206.02336852822265,39.87247965714529,39.76247965714529,0.0008333333333333333,3.0,0.0,82.63579264762392,7.933657720961866,True
45,raw,1000.0,1000.0,0.0,250.0,0.0,17.509656505913753,116.83911418357886,70.21050657048497,70.11350657048497,0.0008333333333333333,3.0,0.0,143.32484647430329,13.989483743041154,True
21,raw,1000.0,1000.0,0.0,250.0,0.0,28.680505870675987,190.5882279356493,43.092717708913106,42.98271770891311,0.0008333333333333333,3.0,0.0,89.07626875115955,8.576179683953978,True
48,raw,1000.0,1000.0,0.0,250.0,0.0,25.391954776890955,168.78374555993815,48.64547936635209,48.53547936635209,0.0008333333333333333,3.0,0.0,100.18179206603752,9.684101291863193,True
38,raw,1000.0,1000.0,0.0,250.0,0.0,17.224159593716365,114.97647342716823,71.37235872371505,71.24935872371505,0.0008333333333333333,3.0,0.0,145.62255078076345,14.216116042712775,True
15,raw,1000.0,1000.0,0.0,250.0,0.0,17.224159593716365,114.97647342716823,71.33335872371505,71.24935872371505,0.0008333333333333333,3.0,0.0,145.58355078076343,14.216116042712775,True
36,raw,1000.0,1000.0,0.0,218.21125084038505,0.0,25.652855297294494,170.51228375807722,48.114459505960326,48.04345950596033,0.0007273708361346168,3.0,0.0,99.15864638275679,9.585930423297599,True
31,raw,1000.0,1000.0,0.0,174.86488531704276,0.0,20.32890761922225,135.32860024175105,60.64413680009849,60.53413680009849,0.0005828829510568092,3.0,0.0,124.17885648314802,12.07814819264073,True
21,raw,1000.0,1000.0,0.0,250.0,0.0,23.267268128969604,154.72004480066198,53.031244234283925,52.94724423428392,0.0008333333333333333,3.0,50.0,158.97932180190116,10.564364110211995,True
13,raw,1000.0,1000.0,0.0,149.31069529634306,0.0,22.705607762218392,151.00713381506267,81.51913904309994,54.24909269539996,0.0004977023176544769,3.0,0.0,138.76872944081757,10.8241170276385,True
20,raw,1000.0,1000.0,0.0,250.0,0.0,25.85611597063246,171.859138205816,47.77694448443806,47.66694448443806,0.0008333333333333333,3.0,0.0,98.44472230220946,9.51080579995129,True
4,raw,1000.0,1000.0,0.0,91.36225643408305,0.0,25.96762342531045,172.598083449393,47.533867699814024,47.462867699814026,0.00030454085478027684,3.0,0.0,97.99703994048284,9.470087128179255,True
4,raw,1000.0,1000.0,0.0,91.36225643408305,0.0,25.96762342531045,172.598083449393,47.54686769981403,47.462867699814026,0.00030454085478027684,3.0,0.0,98.01003994048284,9.470087128179255,True
34,raw,1000.0,1000.0,0.0,250.0,0.0,17.224159593716365,114.97647342716823,71.33335872371505,71.24935872371505,0.0008333333333333333,3.0,0.0,145.58355078076343,14.216116042712775,True
32,raw,1000.0,1000.0,0.0,151.88265934236063,0.0,21.552795913577327,143.39477587537436,57.23899894707279,57.12899894707279,0.000506275531141202,3.0,50.0,167.36850416967673,11.39873386909911,True
33,raw,1000.0,1000.0,0.0,250.0,0.0,17.224159593716365,114.97647342716823,71.35935872371505,71.24935872371505,0.0008333333333333333,3.0,0.0,145.6095507807634,14.216116042712775,True
35,raw,1000.0,1000.0,0.0,243.78846616802173,0.0,20.096483043658225,133.79897169204554,61.29718056329219,61.22618056329219,0.0008126282205600724,3.0,0.0,125.52417375480493,12.216229076741694,True
34,raw,1000.0,1000.0,0.0,250.0,0.0,17.224159593716365,114.97647342716823,71.30735872371505,71.24935872371505,0.0008333333333333333,3.0,0.0,145.55755078076345,14.216116042712775,True
31,raw,1000.0,1000.0,0.0,174.86488531704276,0.0,24.917202028659645,165.6391576707462,49.59290448561611,49.45690448561611,0.0005828829510568092,3.0,0.0,102.05039185418326,9.86794977351651,True
16,raw,1000.0,1000.0,0.0,100.25259816885959,0.0,29.467267646623398,195.808889660661,41.95971136788951,41.836711367889514,0.00033417532722953197,3.0,0.0,86.79675691110626,8.347521357458005,True
35,raw,1000.0,1000.0,0.0,243.78846616802173,0.0,17.442696668341142,116.40205756605704,70.51276284503064,70.37676284503064,0.0008126282205600724,3.0,0.0,143.89033831828183,14.04201027541916,True
46,raw,1000.0,1000.0,0.0,250.0,0.0,17.592064774971078,117.37716606814851,69.88910926973455,69.79210926973455,0.0008333333333333333,3.0,0.0,142.68205187280245,13.925356550809152,True
22,raw,1000.0,1000.0,0.0,80.79964743000203,0.0,34.40652905804699,228.60248963566477,35.97113028688358,35.835130286883576,0.0002693321581000067,3.0,0.0,74.80652990592526,7.150048501341871,True
43,raw,1000.0,1000.0,0.0,166.57066864949235,0.0,20.750989185304746,138.10829277670888,59.38677195907189,59.315771959071895,0.0005552355621649746,3.0,0.0,121.70309915370595,11.83505244732239,True
28,raw,1000.0,1000.0,0.0,250.0,0.0,22.897117047061172,152.27285292531684,53.90816456199069,53.79816456199069,0.0008333333333333333,3.0,0.0,110.70716245731471,10.734145036503422,True
6,raw,1000.0,1000.0,0.0,250.0,0.0,25.428558189745956,169.02623566949725,72.84427336691769,48.465848911278464,0.0008333333333333333,3.0,0.0,124.3109556115295,9.670208189564937,True
38,raw,1000.0,1000.0,0.0,250.0,0.0,22.224920133037983,147.83152458784497,55.53743222505712,55.41443222505712,0.0008333333333333333,3.0,50.0,163.95269778344758,11.05663283240535,True
27,raw,1000.0,1000.0,0.0,250.0,0.0,18.181646947427964,121.23151885870818,67.63118622352277,67.57318622352277,0.0008333333333333333,3.0,0.0,138.2052057803789,13.482623197416917,True
48,raw,1000.0,1000.0,0.0,250.0,0.0,17.224159593716365,114.97647342716823,71.37235872371505,71.24935872371505,0.0008333333333333333,3.0,0.0,145.62255078076345,14.216116042712775,True
44,raw,1000.0,1000.0,0.0,250.0,0.0,17.224159593716365,114.97647342716823,71.35935872371505,71.24935872371505,0.0008333333333333333,3.0,0.0,145.6095507807634,14.216116042712775,True
34,raw,1000.0,1000.0,0.0,250.0,0.0,17.224159593716365,114.97647342716823,71.30735872371505,71.24935872371505,0.0008333333333333333,3.0,0.0,145.55755078076345,14.216116042712775,True
0,raw,1000.0,1000.0,0.0,250.0,0.0,24.173727083281918,160.7169208941637,76.66141301932961,50.97160867955307,0.0008333333333333333,3.0,0.0,130.63385503221602,10.170172993165284,True
31,raw,1000.0,1000.0,0.0,174.86488531704276,0.0,21.466069184409008,142.8226178061343,57.46786198177463,57.35786198177463,0.0005828829510568092,3.0,0.0,117.82630684650032,11.444398047942109,True
25,raw,1000.0,1000.0,0.0,242.781902753889,0.0,25.84607089545804,171.79257320702706,47.78241414259992,47.68541414259992,0.00080927300917963,3.0,0.0,98.46863755820901,9.514490981241362,True
26,raw,1000.0,1000.0,0.0,250.0,0.0,26.384712474113186,175.3624927117674,46.82466442635877,46.71466442635877,0.0008333333333333333,3.0,0.0,96.54016218605088,9.320800948633092,True
5,raw,1000.0,1000.0,0.0,250.0,0.0,26.87214984351904,178.59392934170518,45.927420255187855,45.869420255187855,0.0008333333333333333,3.0,0.0,94.79767384370905,9.15215256446465,True
49,raw,1000.0,1000.0,0.0,230.43813072927304,0.0,21.99308038324334,146.3006355793189,56.13028852486833,55.994288524868324,0.0007681271024309102,3.0,0.0,115.12534517683908,11.17232937471641,True
24,raw,1000.0,1000.0,0.0,250.0,0.0,21.21689106573335,141.17918299441027,58.083551828872295,58.025551828872295,0.0008333333333333333,3.0,0.0,119.10993699107792,11.57761968694224,True
0,raw,1000.0,1000.0,0.0,250.0,0.0,17.224159593716365,114.97647342716823,71.35935872371505,71.24935872371505,0.0008333333333333333,3.0,0.0,145.6095507807634,14.216116042712775,True
18,raw,1000.0,1000.0,0.0,250.0,0.0,19.075115750352666,127.08715546696455,64.51770066683456,64.45970066683455,0.0008333333333333333,3.0,0.0,131.97823466700243,12.86140115747093,True
0,raw,1000.0,1000.0,0.0,250.0,0.0,30.06663200616549,199.78677976412092,41.0877141079701,41.0037141079701,0.0008333333333333333,3.0,0.0,85.09226154927353,8.181316553339048,True
43,raw,1000.0,1000.0,0.0,166.57066864949235,0.0,31.04342526783656,206.27073563706546,39.85079509538315,39.714795095383145,0.0005552355621649746,3.0,0.0,82.56614542632846,7.924143400052884,True
1,raw,1000.0,1000.0,0.0,198.46286268749444,0.0,19.22937473800299,128.09972104942065,64.04717828992415,63.950178289924146,0.0006615428756249815,3.0,0.0,130.99801812272392,12.759738077742659,True
17,raw,1000.0,1000.0,0.0,242.1440540839596,0.0,18.344717208318954,122.29900954330853,67.05437157913816,66.98337157913816,0.000807146846946532,3.0,0.0,137.03855030512327,13.364939704141182,True
23,raw,1000.0,1000.0,0.0,250.0,0.0,25.800715328895194,171.49202362817832,47.852985557961254,47.76898555796125,0.0008333333333333333,3.0,0.0,98.62280444925584,9.531165670809271,True
9,raw,1000.0,1000.0,0.0,187.00878882991657,0.0,19.745719417107182,131.4920470358049,62.39734579786672,62.30034579786672,0.0006233626294330552,3.0,0.0,127.69831495836286,12.43055321800132,True
1,raw,1000.0,1000.0,0.0,198.46286268749444,0.0,24.277581761024493,161.4043183563299,76.25779204333287,50.75452802888857,0.0006615428756249815,3.0,0.0,130.01298161509706,10.126859709007306,True
15,raw,1000.0,1000.0,0.0,250.0,0.0,24.344400254907754,161.84661168243719,50.71282639785938,50.61582639785938,0.0008333333333333333,3.0,0.0,104.3294861290521,10.099185095265579,True
2,raw,1000.0,1000.0,0.0,226.88261328970398,0.0,18.066935450309785,120.4809525505998,68.10415033309528,67.99415033309528,0.0007562753776323467,3.0,50.0,189.09905694156816,13.566616579795364,True
4,raw,1000.0,1000.0,0.0,91.36225643408305,0.0,27.85870545280754,185.1364366502037,44.35844805389629,44.24844805389629,0.00030454085478027684,3.0,0.0,91.60720064864736,8.82872608977973,True
11,raw,1000.0,1000.0,0.0,250.0,0.0,23.733367509222163,157.8029656088103,51.98383933350003,51.91283933350003,0.0008333333333333333,3.0,0.0,106.89751200033339,10.357973198516673,True
46,raw,1000.0,1000.0,0.0,250.0,0.0,17.224159593716365,114.97647342716823,106.96103808557258,71.24935872371505,0.0008333333333333333,3.0,0.0,181.21123014262096,14.216116042712775,True
14,raw,1000.0,1000.0,0.0,250.0,0.0,26.517235852623244,176.24096991136122,46.55281409873136,46.48181409873136,0.0008333333333333333,3.0,0.0,96.03546153079606,9.27434120025878,True
1,raw,1000.0,1000.0,0.0,198.46286268749444,0.0,20.115643923476625,133.92504351913917,61.30454461823852,61.16854461823852,0.0006615428756249815,3.0,0.0,125.47375077935267,12.204729193826374,True
44,raw,1000.0,1000.0,0.0,250.0,0.0,28.434641247496614,188.9570128483416,65.23466393128498,43.353775954189985,0.0008333333333333333,3.0,0.0,111.5892732188083,8.650215537299921,True
27,raw,1000.0,1000.0,0.0,250.0,0.0,20.872314973512047,138.9077320240246,59.09739890950897,58.97439890950897,0.0008333333333333333,3.0,0.0,121.07263115235128,11.7669395692085,True
16,raw,1000.0,1000.0,0.0,100.25259816885959,0.0,32.74231205141928,217.55055373874652,37.73961548437915,37.65561548437915,0.00033417532722953197,3.0,0.0,78.39556514408552,7.513283052294029,True
35,raw,1000.0,1000.0,0.0,243.78846616802173,0.0,24.016798799563745,159.67835705512803,51.361133067506195,51.303133067506195,0.0008126282205600724,3.0,0.0,105.66507876323294,10.236320804942885,True
36,raw,1000.0,1000.0,0.0,218.21125084038505,0.0,19.181773939756,127.7872204736962,64.1905669136003,64.1065669136003,0.0007273708361346168,3.0,0.0,131.29786119803674,12.790941710473748,True
36,raw,1000.0,1000.0,0.0,218.21125084038505,0.0,18.405416991338,122.6965113961644,66.88936447754854,66.76636447754854,0.0007273708361346168,3.0,0.0,136.6564563259332,13.321641094952941,True
29,raw,1000.0,1000.0,0.0,250.0,0.0,18.530958739111085,123.51889050175019,66.40583924841783,66.32183924841783,0.0008333333333333333,3.0,0.0,135.728511830169,13.232946651179201,True
48,raw,1000.0,1000.0,0.0,250.0,0.0,20.029249113555636,133.35663893121165,61.48726265729911,61.42926265729911,0.0008333333333333333,3.0,0.0,125.91735864793156,12.256749281643392,True
25,raw,1000.0,1000.0,0.0,242.781902753889,0.0,17.478633551304085,116.63660812368981,70.30623859089434,70.23523859089434,0.00080927300917963,3.0,0.0,143.54228645479785,14.013772474325936,True
32,raw,1000.0,1000.0,0.0,151.88265934236063,0.0,21.552795913577327,143.39477587537436,57.199998947072785,57.12899894707279,0.000506275531141202,3.0,0.0,117.32950416967671,11.39873386909911,True
10,raw,1000.0,1000.0,0.0,215.22801997108354,0.0,30.661886042707224,203.73792587396267,40.266517706554914,40.208517706554915,0.0007174267332369452,3.0,0.0,83.47575283984305,8.022654012064791,True
4,raw,1000.0,1000.0,0.0,91.36225643408305,0.0,30.996512887079263,205.95930277205304,59.76877227715873,39.77484818477249,0.00030454085478027684,3.0,0.0,102.54392500278601,7.936125566668486,True
8,raw,1000.0,1000.0,0.0,130.3683820393543,0.0,25.09490636451804,166.81608288516577,49.23097483261417,49.107974832614175,0.0004345612734645143,3.0,0.0,101.3393842265018,9.79832915479552,True
48,raw,1000.0,1000.0,0.0,250.0,0.0,17.224159593716365,114.97647342716823,71.30735872371505,71.24935872371505,0.0008333333333333333,3.0,0.0,145.55755078076345,14.216116042712775,True
0,raw,1000.0,1000.0,0.0,250.0,0.0,17.224159593716365,114.97647342716823,71.35935872371505,71.24935872371505,0.0008333333333333333,3.0,0.0,145.6095507807634,14.216116042712775,True
20,raw,1000.0,1000.0,0.0,250.0,0.0,20.569750248028754,136.91442270524544,59.90399522531712,59.83299522531712,0.0008333333333333333,3.0,0.0,122.73782378396757,11.93825205647881,True
41,raw,1000.0,1000.0,0.0,166.84193255033833,0.0,28.62326863829648,190.2084699849102,43.191534227996755,43.06853422799676,0.0005561397751677944,3.0,0.0,89.26062459576869,8.593302330606921,True
32,raw,1000.0,1000.0,0.0,151.88265934236063,0.0,31.662993714031636,210.38404463517904,38.99631404470578,38.93831404470578,0.000506275531141202,3.0,0.0,80.93513436494268,7.769215062182485,True
13,raw,1000.0,1000.0,0.0,149.31069529634306,0.0,21.818286737084094,145.14677244989034,56.523422397960395,56.43942239796039,0.0004977023176544769,3.0,0.0,115.96334249823845,11.261145258926083,True
7,raw,1000.0,1000.0,0.0,250.0,0.0,17.224159593716365,114.97647342716823,71.35935872371505,71.24935872371505,0.0008333333333333333,3.0,0.0,145.6095507807634,14.216116042712775,True
26,raw,1000.0,1000.0,0.0,250.0,0.0,20.859067589064566,138.82043352385043,88.60422825003874,59.011485500025834,0.0008333333333333333,3.0,0.0,150.6165470833979,11.774339316853396,True
9,raw,1000.0,1000.0,0.0,187.00878882991657,0.0,20.810853966207333,138.5027305119065,59.26984836697691,59.14684836697691,0.0006233626294330552,3.0,0.0,121.41732009658324,11.801347759580759,True
44,raw,1000.0,1000.0,0.0,250.0,0.0,27.194507511042247,180.7313941593675,45.43693413949078,45.32693413949078,0.0008333333333333333,3.0,0.0,93.7647016123149,9.043912354160227,True
44,raw,1000.0,1000.0,0.0,250.0,0.0,17.224159593716365,114.97647342716823,71.34635872371504,71.24935872371505,0.0008333333333333333,3.0,0.0,145.59655078076344,14.216116042712775,True
4,raw,1000.0,1000.0,0.0,91.36225643408305,0.0,35.282864689324164,234.4228267470169,35.081402347018866,34.94540234701886,0.00030454085478027684,3.0,0.0,73.02710923489252,6.972524438443175,True
25,raw,1000.0,1000.0,0.0,242.781902753889,0.0,21.59079697669152,143.64550355511633,57.113282485384275,57.02928248538427,0.00080927300917963,3.0,0.0,117.14337424377773,11.378837819280196,True
3,raw,1000.0,1000.0,0.0,250.0,0.0,17.224159593716365,114.97647342716823,71.32035872371505,71.24935872371505,0.0008333333333333333,3.0,0.0,145.57055078076343,14.216116042712775,True
8,raw,1000.0,1000.0,0.0,130.3683820393543,0.0,22.879514253784947,152.15650083121966,53.91030331762174,53.83930331762174,0.0004345612734645143,3.0,0.0,110.75004119651695,10.742353297382959,True
0,raw,1000.0,1000.0,0.0,250.0,0.0,21.373911692977543,142.21472037084408,57.73903841007637,57.603038410076365,0.0008333333333333333,3.0,0.0,118.34291015348606,11.49331717673302,True
8,raw,1000.0,1000.0,0.0,130.3683820393543,0.0,30.624447842856867,203.48940616965305,40.315623992327986,40.257623992327986,0.0004345612734645143,3.0,0.0,83.57368254592944,8.0324520042079,True
6,raw,1000.0,1000.0,0.0,250.0,0.0,17.713993899578483,118.17357319859646,104.10863898942463,69.32175932628309,0.0008333333333333333,3.0,0.0,176.43123164904105,13.831509399107503,True
23,raw,1000.0,1000.0,0.0,250.0,0.0,27.832873385533546,184.96509348707383,44.34743778287817,44.28943778287817,0.0008333333333333333,3.0,0.0,91.63770889908966,8.83690461593356,True
21,raw,1000.0,1000.0,0.0,250.0,0.0,20.342257138969146,135.41647908972774,60.59185302724445,60.494853027244446,0.0008333333333333333,3.0,0.0,124.08753938782223,12.070310049484183,True
6,raw,1000.0,1000.0,0.0,250.0,0.0,24.47314545519754,162.69888798232256,50.43468218099973,50.350682180999726,0.0008333333333333333,3.0,0.0,103.78619769533279,10.046281868872377,True
31,raw,1000.0,1000.0,0.0,174.86488531704276,0.0,31.256338561413166,207.68421615201333,39.51549969180089,39.44449969180089,0.0005828829510568092,3.0,0.0,81.96058226655283,7.8702123767851875,True
49,raw,1000.0,1000.0,0.0,230.43813072927304,0.0,29.996079156311353,199.31850169034692,41.22304806641962,41.100048066419625,0.0007681271024309102,3.0,0.0,85.32386425994169,8.20053770503366,True
0,raw,1000.0,1000.0,0.0,250.0,0.0,23.3402925778245,155.20295194968978,52.90550121592725,52.782501215927255,0.0008333333333333333,3.0,0.0,108.68883576518783,10.531493556593867,True
27,raw,1000.0,1000.0,0.0,250.0,0.0,19.68706784980401,131.1064902380901,62.54155809939908,62.48355809939908,0.0008333333333333333,3.0,0.0,128.0259495321315,12.467108878089944,True
7,raw,1000.0,1000.0,0.0,250.0,0.0,25.44351448574318,169.1253197488351,48.52145461747413,48.437454617474124,0.0008333333333333333,3.0,0.0,99.95974256828158,9.664542783126143,True
33,raw,1000.0,1000.0,0.0,250.0,0.0,21.108067983040968,140.46166835665954,58.44496139945395,58.321961399453954,0.0008333333333333333,3.0,0.0,119.76775613224123,11.636761171540009,True
36,raw,1000.0,1000.0,0.0,218.21125084038505,0.0,21.569789872831848,143.50689865173467,85.7330455908204,57.0843637272136,0.0007273708361346168,3.0,0.0,145.8181366888701,11.38982797188857,True
22,raw,1000.0,1000.0,0.0,80.79964743000203,0.0,36.73467038833543,244.0659863937301,33.635693389043446,33.56469338904345,0.0002693321581000067,3.0,0.0,70.20065611024499,6.697036783264346,True
10,raw,1000.0,1000.0,0.0,215.22801997108354,0.0,21.96090213346389,146.08819544528097,56.211714913381954,56.07571491338195,0.0007174267332369452,3.0,0.0,115.28814725349714,11.188576075160935,True
37,raw,1000.0,1000.0,0.0,193.03610165005284,0.0,21.59783301458367,143.69192837697884,57.094857133938056,57.01085713393805,0.0006434536721668428,3.0,0.0,117.10635772154828,11.375161478342125,True
23,raw,1000.0,1000.0,0.0,250.0,0.0,20.07279715020468,133.64313432052268,61.42057463150135,61.297574631501355,0.0008333333333333333,3.0,0.0,125.71898259633605,12.230474066122701,True
49,raw,1000.0,1000.0,0.0,230.43813072927304,0.0,24.549374029788993,163.20355366173794,50.26598544118138,50.19498544118138,0.0007681271024309102,3.0,0.0,103.46173900946519,10.015216285120072,True
21,raw,1000.0,1000.0,0.0,250.0,0.0,19.78454096858306,131.74727769419158,62.2896529186361,62.1796529186361,0.0008333333333333333,3.0,0.0,127.47013917060553,12.406471822639926,True
10,raw,1000.0,1000.0,0.0,215.22801997108354,0.0,25.227786743999403,167.6962391207615,48.90823088741288,48.85023088741288,0.0007174267332369452,3.0,0.0,100.75917920155898,9.746902476718363,True
11,raw,1000.0,1000.0,0.0,250.0,0.0,21.34976788261089,142.0554761718262,57.751611420281996,57.66761142028199,0.0008333333333333333,3.0,0.0,118.42005617389732,11.50620118611576,True
6,raw,1000.0,1000.0,0.0,250.0,0.0,17.510683719248732,116.84581987425383,70.20648281090413,70.10948281090414,0.0008333333333333333,3.0,0.0,143.31679895514162,13.98868089745554,True
1,raw,1000.0,1000.0,0.0,198.46286268749444,0.0,19.22937473800299,128.09972104942065,64.06017828992415,63.950178289924146,0.0006615428756249815,3.0,0.0,131.01101812272393,12.759738077742659,True
35,raw,1000.0,1000.0,0.0,243.78846616802173,0.0,23.923278457348232,159.05950215942025,51.62573884165323,51.50273884165323,0.0008126282205600724,3.0,0.0,106.12929031152703,10.276147392843463,True
21,raw,1000.0,1000.0,0.0,250.0,0.0,24.11994214248915,160.3609515182062,51.220755499657535,51.08475549965753,0.0008333333333333333,3.0,0.0,105.3063443326484,10.192748751786585,True
42,raw,1000.0,1000.0,0.0,62.77795188963522,0.0,39.38771327223181,261.68962469040474,31.37525980659971,31.30425980659971,0.0002092598396321174,3.0,0.0,65.67972887303904,6.246020989010336,True
8,raw,1000.0,1000.0,0.0,130.3683820393543,0.0,31.167707498089833,207.09580923937298,39.66657060414595,39.55657060414595,0.0004345612734645143,3.0,0.0,82.22357576956537,7.892573463585816,True
38,raw,1000.0,1000.0,0.0,250.0,0.0,17.224159593716365,114.97647342716823,71.34635872371504,71.24935872371505,0.0008333333333333333,3.0,50.0,195.59655078076344,14.216116042712775,True
11,raw,1000.0,1000.0,0.0,250.0,0.0,20.436140916834717,136.03457813302296,60.27798312803498,60.21998312803498,0.0008333333333333333,3.0,0.0,123.49879958940329,12.01546629434299,True
48,raw,1000.0,1000.0,0.0,250.0,0.0,22.502784687026974,149.66696479688449,54.79285756270597,54.73485756270597,0.0008333333333333333,3.0,0.0,112.52854845874526,10.921039861005655,True
5,raw,1000.0,1000.0,0.0,250.0,0.0,23.628791329045427,157.11114064668124,52.27743291354842,52.141432913548414,0.0008333333333333333,3.0,0.0,107.41969916043016,10.40358361408811,True
25,raw,1000.0,1000.0,0.0,242.781902753889,0.0,17.478633551304085,116.63660812368981,70.29323859089435,70.23523859089434,0.00080927300917963,3.0,0.0,143.52928645479784,14.013772474325936,True
6,raw,1000.0,1000.0,0.0,250.0,0.0,17.224159593716365,114.97647342716823,71.33335872371505,71.24935872371505,0.0008333333333333333,3.0,0.0,145.58355078076343,14.216116042712775,True
22,raw,1000.0,1000.0,0.0,80.79964743000203,0.0,30.100858400021494,200.01395216842553,41.093142795227465,40.95714279522746,0.0002693321581000067,3.0,0.0,85.05055492261303,8.172024354811647,True
38,raw,1000.0,1000.0,0.0,250.0,0.0,24.804257918137964,164.89121558862817,49.778239663108934,49.68123966310893,0.0008333333333333333,3.0,0.0,102.46031265955119,9.912710526073841,True
36,raw,1000.0,1000.0,0.0,218.21125084038505,0.0,24.15585768885039,160.5986525115415,51.10614529411309,51.00914529411309,0.0007273708361346168,3.0,0.0,105.1160179590623,10.177662532411597,True
3,raw,1000.0,1000.0,0.0,250.0,0.0,22.662289894043624,150.7208791057671,54.41012459350993,54.35212459350993,0.0008333333333333333,3.0,0.0,111.76308252035318,10.844674593992355,True
1,raw,1000.0,1000.0,0.0,198.46286268749444,0.0,19.22937473800299,128.09972104942065,64.03417828992414,63.950178289924146,0.0006615428756249815,3.0,0.0,130.9850181227239,12.759738077742659,True
31,raw,1000.0,1000.0,0.0,174.86488531704276,0.0,20.32890761922225,135.32860024175105,60.63113680009849,60.53413680009849,0.0005828829510568092,3.0,0.0,124.16585648314802,12.07814819264073,True
24,raw,1000.0,1000.0,0.0,250.0,0.0,23.63619631557748,157.16012607699818,78.37227133062163,52.125180887081086,0.0008333333333333333,3.0,0.0,133.49828555103605,10.400340908492897,True
29,raw,1000.0,1000.0,0.0,250.0,0.0,21.249115825319294,141.39167990862865,57.99634549029975,57.93834549029975,0.0008333333333333333,3.0,0.0,118.93552431393283,11.560219734844217,True
14,raw,1000.0,1000.0,0.0,250.0,0.0,18.456786079391975,123.03297157697801,66.68077746224321,66.58377746224322,0.0008333333333333333,3.0,0.0,136.26538825781978,13.285210195868805,True
36,raw,1000.0,1000.0,0.0,218.21125084038505,0.0,18.405416991338,122.6965113961644,66.90236447754853,66.76636447754854,0.0007273708361346168,3.0,0.0,136.6694563259332,13.321641094952941,True
12,raw,1000.0,1000.0,0.0,250.0,0.0,25.223721567540153,167.66931151225052,48.96807621033539,48.85807621033539,0.0008333333333333333,3.0,50.0,150.8269857540041,9.748467824435968,True
25,raw,1000.0,1000.0,0.0,242.781902753889,0.0,17.896990216519725,119.36954980585202,68.7502170191128,68.62721701911279,0.00080927300917963,3.0,0.0,140.37824331123477,13.69292998994266,True
22,raw,1000.0,1000.0,0.0,80.79964743000203,0.0,37.139575521793496,246.75557320464668,33.25684488771391,33.19884488771391,0.0002693321581000067,3.0,0.0,69.45595910758593,6.624040410495278,True
49,raw,1000.0,1000.0,0.0,230.43813072927304,0.0,19.536013724780304,130.11376501847235,63.044287090585506,62.9602870905855,0.0007681271024309102,3.0,0.0,129.00534230827344,12.562228817146684,True
46,raw,1000.0,1000.0,0.0,250.0,0.0,26.71118335437309,177.52672525170902,46.21616483861709,46.14516483861709,0.0008333333333333333,3.0,0.0,95.36216301056751,9.207170842051966,True
27,semantic,1000.0,100.0,8.0,250.0,0.0,17.224159593716365,114.97647342716823,7.182935872371504,7.124935872371505,0.0008333333333333333,3.0,0.0,25.308705078076343,41.42161160427128,True
23,semantic,1000.0,100.0,8.0,250.0,0.0,23.082023308556913,153.49520208789656,8.170461951158236,5.3369746341054904,0.0008333333333333333,3.0,0.0,24.508269918597062,41.06486643633755,True
36,semantic,1000.0,100.0,8.0,218.21125084038505,0.0,20.663504231972638,137.53195268070647,6.040434007025632,5.956434007025632,0.0007273708361346168,3.0,0.0,22.997595384887397,41.18846483058173,True
33,semantic,1000.0,100.0,8.0,250.0,0.0,23.840192085136195,158.50973735736798,5.291136757132298,5.168136757132298,0.0008333333333333333,3.0,0.0,21.460106847597928,41.031178851011155,True
27,semantic,1000.0,100.0,8.0,250.0,0.0,17.224159593716365,114.97647342716823,7.234935872371505,7.124935872371505,0.0008333333333333333,3.0,0.0,25.360705078076343,41.42161160427128,True
41,semantic,1000.0,100.0,8.0,166.84193255033833,0.0,26.402328555605678,175.47926351777988,4.804357865070463,4.668357865070463,0.0005561397751677944,3.0,0.0,20.473271869916093,40.93145985209637,True
30,semantic,1000.0,100.0,8.0,250.0,0.0,17.224159593716365,114.97647342716823,7.195935872371504,7.124935872371505,0.0008333333333333333,3.0,0.0,25.32170507807634,41.42161160427128,True
28,semantic,1000.0,100.0,8.0,250.0,0.0,17.224159593716365,114.97647342716823,7.182935872371504,7.124935872371505,0.0008333333333333333,3.0,0.0,25.308705078076343,41.42161160427128,True
23,semantic,1000.0,100.0,8.0,250.0,0.0,17.224159593716365,114.97647342716823,10.871903808557256,7.124935872371505,0.0008333333333333333,3.0,0.0,28.997673014262094,41.42161160427128,True
33,semantic,1000.0,100.0,8.0,250.0,0.0,21.157159501882546,140.7853317041434,8.893182013892543,5.818788009261695,0.0008333333333333333,3.0,0.0,25.71280335648757,41.16100084336726,True
31,semantic,1000.0,100.0,8.0,174.86488531704276,0.0,20.32890761922225,135.32860024175105,6.111413680009848,6.053413680009848,0.0005828829510568092,3.0,0.0,23.165410242970754,41.20781481926407,True
0,semantic,1000.0,100.0,8.0,250.0,0.0,17.224159593716365,114.97647342716823,7.195935872371504,7.124935872371505,0.0008333333333333333,3.0,0.0,25.32170507807634,41.42161160427128,True
11,semantic,1000.0,100.0,8.0,250.0,0.0,25.441326337880483,169.1108234106324,7.411741008218888,4.844160672145925,0.0008333333333333333,3.0,50.0,73.25673501369815,40.966537123678705,True
5,semantic,1000.0,100.0,8.0,250.0,0.0,23.114708195903958,153.71129699112376,8.100707478913918,5.3294716526092785,0.0008333333333333333,3.0,0.0,24.43101246485653,41.06336939471462,True
33,semantic,1000.0,100.0,8.0,250.0,0.0,20.572393904281512,136.9318341166701,6.0925387228949015,5.982538722894901,0.0008333333333333333,3.0,0.0,23.075910779123134,41.19367340616343,True
1,semantic,1000.0,100.0,8.0,198.46286268749444,0.0,25.95552034937583,172.51787561708437,4.832493436229601,4.748493436229602,0.0006615428756249815,3.0,0.0,20.58164841533483,40.9474490006186,True
27,semantic,1000.0,100.0,8.0,250.0,0.0,17.224159593716365,114.97647342716823,7.208935872371504,7.124935872371505,0.0008333333333333333,3.0,0.0,25.334705078076343,41.42161160427128,True
4,semantic,1000.0,100.0,8.0,91.36225643408305,0.0,32.13836056344237,213.5402750882438,3.9592786582600032,3.8362786582600035,0.00030454085478027684,3.0,0.0,18.79586185737479,40.765438223654556,True
48,semantic,1000.0,100.0,8.0,250.0,0.0,24.28389256890297,161.446090567919,5.171139591230112,5.074139591230112,0.0008333333333333333,3.0,0.0,21.246112515793556,41.0124239507273,True
45,semantic,1000.0,100.0,8.0,250.0,0.0,17.224159593716365,114.97647342716823,7.260935872371505,7.124935872371505,0.0008333333333333333,3.0,0.0,25.386705078076343,41.42161160427128,True
6,semantic,1000.0,100.0,8.0,250.0,0.0,20.356142843466415,135.50789022477173,6.142404430997812,6.045404430997811,0.0008333333333333333,3.0,0.0,23.188642195328953,41.206216763991584,True
14,semantic,1000.0,100.0,8.0,250.0,0.0,23.018269862911325,153.07372153769762,5.409669716857669,5.3516697168576695,0.0008333333333333333,3.0,0.0,21.76217276704867,41.06779849082063,True
21,semantic,1000.0,100.0,8.0,250.0,0.0,24.947483974325138,165.83970242643235,5.023709780071529,4.93970978007153,0.0008333333333333333,3.0,0.0,20.96425289347639,40.98560167710599,True
20,semantic,1000.0,100.0,8.0,250.0,0.0,24.652715949763873,163.88777059937536,5.1345425819388275,4.998542581938827,0.0008333333333333333,3.0,0.0,21.13391849721099,40.997340364350976,True
44,semantic,1000.0,100.0,8.0,250.0,0.0,17.224159593716365,114.97647342716823,7.208935872371504,7.124935872371505,0.0008333333333333333,3.0,0.0,25.334705078076343,41.42161160427128,True
16,semantic,1000.0,100.0,8.0,100.25259816885959,0.0,34.762686718282424,230.96792658446319,3.6438128069306837,3.5468128069306837,0.00033417532722953197,3.0,0.0,18.190959789188597,40.70768219319178,True
49,semantic,1000.0,100.0,8.0,230.43813072927304,0.0,17.93187289408283,119.59761871571064,6.907634706751798,6.849634706751798,0.0007681271024309102,3.0,50.0,74.75803754060603,41.36668180016848,True
25,semantic,1000.0,100.0,8.0,242.781902753889,0.0,20.79590766366765,138.40424793265367,6.054893474993743,5.918893474993743,0.00080927300917963,3.0,0.0,22.974596222996663,41.18097450969702,True
48,semantic,1000.0,100.0,8.0,250.0,0.0,23.705777860448663,157.62043907097674,5.32029550830088,5.19729550830088,0.0008333333333333333,3.0,0.0,21.518424349935092,41.036996786746975,True
30,semantic,1000.0,100.0,8.0,250.0,0.0,17.29155355693669,115.4159656189506,7.168804845341885,7.097804845341885,0.0008333333333333333,3.0,0.0,25.267443024017105,41.416198252691416,True
46,semantic,1000.0,100.0,8.0,250.0,0.0,25.763852230615157,171.24775562300857,4.880712329657731,4.783712329657731,0.0008333333333333333,3.0,0.0,20.665257992648794,40.95447609370181,True
2,semantic,1000.0,100.0,8.0,226.88261328970398,0.0,24.9035322496609,165.5486298688223,5.0323949257032154,4.948394925703216,0.0007562753776323467,3.0,0.0,20.981546126784064,40.98733459148389,True
11,semantic,1000.0,100.0,8.0,250.0,0.0,26.8405560606154,178.38445680056782,4.676328360289024,4.592328360289025,0.0008333333333333333,3.0,0.0,20.26949005391138,40.916289971524755,True
7,semantic,1000.0,100.0,8.0,250.0,0.0,21.410089224216946,142.45334679798907,5.834654641773317,5.750654641773317,0.0008333333333333333,3.0,50.0,72.58614261687997,41.14740644931312,True
18,semantic,1000.0,100.0,8.0,250.0,0.0,25.493331274015162,169.45535835780237,4.918311572905661,4.834311572905661,0.0008333333333333333,3.0,0.0,20.753456479144656,40.96457197002366,True
34,semantic,1000.0,100.0,8.0,250.0,0.0,23.762941336921955,157.99862442834376,5.307855266708523,5.184855266708523,0.0008333333333333333,3.0,0.0,21.49354386675038,41.03451463222314,True
23,semantic,1000.0,100.0,8.0,250.0,0.0,23.176584148616342,154.12040911133582,5.4383245875970525,5.315324587597052,0.0008333333333333333,3.0,50.0,71.75448250852745,41.06054668414599,True
48,semantic,1000.0,100.0,8.0,250.0,0.0,27.306892072830024,181.4766573985812,4.6240791754874175,4.514079175487417,0.0008333333333333333,3.0,0.0,20.138991684308166,40.900677206563586,True
14,semantic,1000.0,100.0,8.0,250.0,0.0,21.3746446074384,142.2195545207715,5.844108043935363,5.760108043935364,0.0008333333333333333,3.0,0.0,22.60504942120406,41.149292651021334,True
11,semantic,1000.0,100.0,8.0,250.0,0.0,25.325592650053693,168.34412511727766,5.002222681838768,4.866222681838768,0.0008333333333333333,3.0,0.0,20.86927869701087,40.97093907333197,True
35,semantic,1000.0,100.0,8.0,243.78846616802173,0.0,18.20561312653534,121.38836919268685,6.871587244793083,6.748587244793082,0.0008126282205600724,3.0,0.0,24.620987117806727,41.34652018088153,True
37,semantic,1000.0,100.0,8.0,193.03610165005284,0.0,20.589869750274772,137.04693427826825,6.08751423126801,5.977514231268009,0.0006434536721668428,3.0,0.0,23.06567191620819,41.19267088828392,True
24,semantic,1000.0,100.0,8.0,250.0,0.0,20.789155784063553,138.35976008624922,6.004796620992519,5.92079662099252,0.0008333333333333333,3.0,0.0,22.92642657531837,41.18135423724615,True
34,semantic,1000.0,100.0,8.0,250.0,0.0,17.224159593716365,114.97647342716823,7.221935872371505,7.124935872371505,0.0008333333333333333,3.0,0.0,25.34770507807634,41.42161160427128,True
46,semantic,1000.0,100.0,8.0,250.0,0.0,21.393882908705294,142.34644842499728,5.825973229498161,5.7549732294981615,0.0008333333333333333,3.0,0.0,22.581779792329655,41.14826812084724,True
4,semantic,1000.0,100.0,8.0,91.36225643408305,0.0,25.96762342531045,172.598083449393,4.8042867699814025,4.746286769981403,0.00030454085478027684,3.0,0.0,20.550878080817586,40.947008712817926,True
42,semantic,1000.0,100.0,8.0,62.77795188963522,0.0,38.112292237290376,253.21704465227643,3.29316926407914,3.2351692640791403,0.0002092598396321174,3.0,0.0,17.528547787997912,40.64550113151627,True
27,semantic,1000.0,100.0,8.0,250.0,0.0,17.224159593716365,114.97647342716823,10.852403808557257,7.124935872371505,0.0008333333333333333,3.0,0.0,28.978173014262094,41.42161160427128,True
8,semantic,1000.0,100.0,8.0,130.3683820393543,0.0,27.717960712366434,184.20290235189557,4.557269774474158,4.447269774474158,0.0004345612734645143,3.0,0.0,20.00497411022178,40.887346978550845,True
48,semantic,1000.0,100.0,8.0,250.0,0.0,19.035262876092247,126.82562955425382,6.595262239652911,6.459262239652911,0.0008333333333333333,3.0,0.0,24.055357812639155,41.28879225292809,True
22,semantic,1000.0,100.0,8.0,80.79964743000203,0.0,29.608177784597572,196.74403613022906,4.286785678655866,4.163785678655866,0.0002693321581000067,3.0,0.0,19.450840689469832,40.83078446522292,True
41,semantic,1000.0,100.0,8.0,166.84193255033833,0.0,20.736855533385494,138.01517540847263,6.058579167837728,5.935579167837727,0.0005561397751677944,3.0,0.0,22.99471447545062,41.18430374311009,True
33,semantic,1000.0,100.0,8.0,250.0,0.0,25.250276732439772,167.84521349901408,4.938687288737083,4.880687288737083,0.0008333333333333333,3.0,0.0,20.820207910807497,40.97382514183647,True
48,semantic,1000.0,100.0,8.0,250.0,0.0,17.224159593716365,114.97647342716823,7.221935872371505,7.124935872371505,0.0008333333333333333,3.0,0.0,25.34770507807634,41.42161160427128,True
15,semantic,1000.0,100.0,8.0,250.0,0.0,25.21509722164248,167.61218435036642,4.958472847961898,4.887472847961898,0.0008333333333333333,3.0,0.0,20.846779029257128,40.9751790388972,True
5,semantic,1000.0,100.0,8.0,250.0,0.0,17.224159593716365,114.97647342716823,7.234935872371505,7.124935872371505,0.0008333333333333333,3.0,0.0,25.360705078076343,41.42161160427128,True
40,semantic,1000.0,100.0,8.0,135.77951312679298,0.0,24.468273837160012,162.66663685835525,5.159066496618679,5.036066496618679,0.00045259837708930994,3.0,0.0,21.195585591614446,41.00482736963806,True
33,semantic,1000.0,100.0,8.0,250.0,0.0,17.661520976077384,117.8307884290944,7.062342515241338,6.952342515241337,0.0008333333333333333,3.0,0.0,25.015518363816007,41.3871747021417,True
6,semantic,1000.0,100.0,8.0,250.0,0.0,24.487589979332824,162.794514490339,5.103110587784057,5.032110587784057,0.0008333333333333333,3.0,0.0,21.136054508901445,41.00403806205614,True
28,semantic,1000.0,100.0,8.0,250.0,0.0,27.12112052082429,180.2447578786314,4.628931068406505,4.544931068406505,0.0008333333333333333,3.0,0.0,20.174695470146343,40.906832968492274,True
34,semantic,1000.0,100.0,8.0,250.0,0.0,24.70445458725274,164.23034811758285,5.111115834799809,4.9881158347998085,0.0008333333333333333,3.0,0.0,21.10006500293295,40.99525995478756,True
7,semantic,1000.0,100.0,8.0,250.0,0.0,17.224159593716365,114.97647342716823,10.793903808557257,7.124935872371505,0.0008333333333333333,3.0,0.0,28.919673014262095,41.42161160427128,True
47,semantic,1000.0,100.0,8.0,170.32018138676523,0.0,26.850374547096337,178.44955482010027,4.674653088632567,4.590653088632568,0.000567733937955884,3.0,0.0,20.26587391120309,40.915955710884404,True
49,semantic,1000.0,100.0,8.0,230.43813072927304,0.0,18.084259244597803,120.594284157965,6.851025106620639,6.7930251066206395,0.0007681271024309102,3.0,0.0,24.64481834034371,41.35538669998776,True
3,semantic,1000.0,100.0,8.0,250.0,0.0,22.141134840562287,147.27821428445353,5.685261899901876,5.562261899901876,0.0008333333333333333,3.0,0.0,22.248357133137084,41.10981715548614,True
45,semantic,1000.0,100.0,8.0,250.0,0.0,17.224159593716365,114.97647342716823,7.195935872371504,7.124935872371505,0.0008333333333333333,3.0,0.0,25.32170507807634,41.42161160427128,True
48,semantic,1000.0,100.0,8.0,250.0,0.0,19.281691734849502,128.44323021285848,6.461914964007107,6.377914964007108,0.0008333333333333333,3.0,0.0,23.840663261347547,41.27256133757595,True
38,semantic,1000.0,100.0,8.0,250.0,0.0,19.78203724843587,131.73081637331867,6.276742300043351,6.218742300043351,0.0008333333333333333,3.0,0.0,23.496317933420034,41.24080221577794,True
35,semantic,1000.0,100.0,8.0,243.78846616802173,0.0,22.351442867278536,148.66718909982973,5.568294537484722,5.5102945374847225,0.0008126282205600724,3.0,0.0,22.079401703190005,41.099448303502214,True
46,semantic,1000.0,100.0,8.0,250.0,0.0,27.444020390331346,182.3860539424536,4.562571489662656,4.491571489662657,0.0008333333333333333,3.0,0.0,20.054976312658646,40.896186332831256,True
41,semantic,1000.0,100.0,8.0,166.84193255033833,0.0,26.49124159359259,176.06865318594248,4.736730541051278,4.6527305410512785,0.0005561397751677944,3.0,0.0,20.390017221877724,40.92834179102644,True
18,semantic,1000.0,100.0,8.0,250.0,0.0,25.23093093259827,167.71706618467266,4.955416467779026,4.884416467779026,0.0008333333333333333,3.0,0.0,20.840666268891383,40.97456921087729,True
49,semantic,1000.0,100.0,8.0,230.43813072927304,0.0,19.03341336633126,126.81349326099289,6.5308804033733,6.4598804033733,0.0007681271024309102,3.0,0.0,23.991528933849033,41.28891559280567,True
21,semantic,1000.0,100.0,8.0,250.0,0.0,25.37863939819495,168.6955353625836,4.940085836766592,4.856085836766592,0.0008333333333333333,3.0,0.0,20.797005006866517,40.96891650683545,True
24,semantic,1000.0,100.0,8.0,250.0,0.0,23.75607127532801,157.95317197941418,5.257347255544606,5.186347255544606,0.0008333333333333333,3.0,0.0,21.444527844422545,41.03481232313304,True
38,semantic,1000.0,100.0,8.0,250.0,0.0,23.949338484783254,159.23194458515317,5.280696324184579,5.1446963241845785,0.0008333333333333333,3.0,0.0,21.42622598170249,41.02650186976044,True
36,semantic,1000.0,100.0,8.0,218.21125084038505,0.0,27.522633524080675,182.90741758861742,4.536768607637812,4.478768607637813,0.0007273708361346168,3.0,0.0,20.01626458611176,40.89363182202854,True
3,semantic,1000.0,100.0,8.0,250.0,0.0,17.224159593716365,114.97647342716823,10.852403808557257,7.124935872371505,0.0008333333333333333,3.0,0.0,28.978173014262094,41.42161160427128,True
7,semantic,1000.0,100.0,8.0,250.0,0.0,24.79227014714455,164.81183352600033,5.0675168765734595,4.970516876573459,0.0008333333333333333,3.0,0.0,21.038867086480252,40.99174850097438,True
5,semantic,1000.0,100.0,8.0,250.0,0.0,23.94591875399992,159.20931556631072,5.268427559223461,5.145427559223461,0.0008333333333333333,3.0,0.0,21.414688451780254,41.02664777033209,True
35,semantic,1000.0,100.0,8.0,243.78846616802173,0.0,19.99342961141697,133.1210094671587,6.211799488743351,6.153799488743351,0.0008126282205600724,3.0,0.0,23.366411605707263,41.22784442137644,True
29,semantic,1000.0,100.0,8.0,250.0,0.0,26.77580531618321,177.95515742023184,4.739406902478819,4.6034069024788185,0.0008333333333333333,3.0,0.0,20.34364713829097,40.91850043129836,True
4,semantic,1000.0,100.0,8.0,91.36225643408305,0.0,25.96762342531045,172.598083449393,4.8042867699814025,4.746286769981403,0.00030454085478027684,3.0,0.0,20.550878080817586,40.947008712817926,True
21,semantic,1000.0,100.0,8.0,250.0,0.0,17.224159593716365,114.97647342716823,7.234935872371505,7.124935872371505,0.0008333333333333333,3.0,0.0,25.360705078076343,41.42161160427128,True
33,semantic,1000.0,100.0,8.0,250.0,0.0,22.99776706672857,152.93818196297866,5.4664125680420455,5.356412568042045,0.0008333333333333333,3.0,0.0,21.823658469417424,41.068744814043995,True
0,semantic,1000.0,100.0,8.0,250.0,0.0,19.057266471249363,126.97001977070663,6.522916771214037,6.451916771214037,0.0008333333333333333,3.0,0.0,23.975666875761405,41.287326639291905,True
34,semantic,1000.0,100.0,8.0,250.0,0.0,17.224159593716365,114.97647342716823,7.234935872371505,7.124935872371505,0.0008333333333333333,3.0,0.0,25.360705078076343,41.42161160427128,True
48,semantic,1000.0,100.0,8.0,250.0,0.0,26.43011373609525,175.66344390056852,4.786463164616624,4.663463164616624,0.0008333333333333333,3.0,0.0,20.45075966256658,40.930483230960505,True
5,semantic,1000.0,100.0,8.0,250.0,0.0,20.7687166348599,138.22509089482094,5.984565102593064,5.926565102593064,0.0008333333333333333,3.0,50.0,72.91196353851946,41.18250520064136,True
26,semantic,1000.0,100.0,8.0,250.0,0.0,17.224159593716365,114.97647342716823,7.195935872371504,7.124935872371505,0.0008333333333333333,3.0,0.0,25.32170507807634,41.42161160427128,True
35,semantic,1000.0,100.0,8.0,243.78846616802173,0.0,27.33222480028246,181.64465297944705,4.632904291499799,4.509904291499799,0.0008126282205600724,3.0,0.0,20.14362121122016,40.8998442076946,True
34,semantic,1000.0,100.0,8.0,250.0,0.0,20.203807514454326,134.5051975980287,9.24220644067073,6.090470960447154,0.0008333333333333333,3.0,50.0,76.33351073445121,41.21520871877925,True
24,semantic,1000.0,100.0,8.0,250.0,0.0,17.224159593716365,114.97647342716823,7.221935872371505,7.124935872371505,0.0008333333333333333,3.0,0.0,25.34770507807634,41.42161160427128,True
17,semantic,1000.0,100.0,8.0,242.1440540839596,0.0,18.001042580094236,120.04994757617186,10.400739580147045,6.823826386764696,0.000807146846946532,3.0,0.0,28.22537311375869,41.36153236334018,True
22,semantic,1000.0,100.0,8.0,80.79964743000203,0.0,36.325304571427836,241.34682355682764,3.465285401925378,3.394285401925378,0.0002693321581000067,3.0,0.0,17.859840136008856,40.67724897487107,True
10,semantic,1000.0,100.0,8.0,215.22801997108354,0.0,18.524983560479157,123.47974171541054,6.692286633738254,6.634286633738254,0.0007174267332369452,3.0,0.0,24.327290694209744,41.32371421069997,True
20,semantic,1000.0,100.0,8.0,250.0,0.0,20.123360755589033,133.975819067532,6.2505362327441585,6.114536232744158,0.0008333333333333333,3.0,0.0,23.36590579882165,41.22001037187062,True
3,semantic,1000.0,100.0,8.0,250.0,0.0,24.24714927314905,161.20288419733683,5.1787949323857925,5.081794932385792,0.0008333333333333333,3.0,0.0,21.261423198104914,41.01395139209892,True
49,semantic,1000.0,100.0,8.0,230.43813072927304,0.0,22.817953906273587,151.74961429576254,5.508366274614482,5.398366274614482,0.0007681271024309102,3.0,0.0,21.907500676331395,41.07711567901372,True
21,semantic,1000.0,100.0,8.0,250.0,0.0,21.020731857737843,139.88592574560417,8.94930044659882,5.856200297732546,0.0008333333333333333,3.0,0.0,25.806334077664697,41.16846557629753,True
26,semantic,1000.0,100.0,8.0,250.0,0.0,17.224159593716365,114.97647342716823,7.260935872371505,7.124935872371505,0.0008333333333333333,3.0,0.0,25.386705078076343,41.42161160427128,True
25,semantic,1000.0,100.0,8.0,242.781902753889,0.0,21.746416545084585,144.67242401582791,5.772447460687983,5.662447460687983,0.00080927300917963,3.0,0.0,22.435704194385146,41.129806802880196,True
34,semantic,1000.0,100.0,8.0,250.0,0.0,28.29233615825804,188.01293449082942,4.454147034689561,4.357147034689561,0.0008333333333333333,3.0,0.0,19.812127402712456,40.86936512790945,True
3,semantic,1000.0,100.0,8.0,250.0,0.0,22.45532195733287,149.35340107870587,5.568977202282123,5.484977202282123,0.0008333333333333333,3.0,0.0,22.05478773789758,41.0943968310177,True
37,semantic,1000.0,100.0,8.0,193.03610165005284,0.0,19.470188998276996,129.68128409895027,9.562538498388038,6.317025665592026,0.0006434536721668428,3.0,0.0,26.880207617652232,41.260412325324694,True
40,semantic,1000.0,100.0,8.0,135.77951312679298,0.0,22.526274825878886,149.8221600879074,5.564815972746212,5.4678159727462115,0.00045259837708930994,3.0,0.0,22.03308454386951,41.09097271556054,True
33,semantic,1000.0,100.0,8.0,250.0,0.0,17.76102087133836,118.4808403387804,7.050198090236407,6.914198090236407,0.0008333333333333333,3.0,0.0,24.965229513806147,41.37956388876785,True
44,semantic,1000.0,100.0,8.0,250.0,0.0,17.224159593716365,114.97647342716823,7.182935872371504,7.124935872371505,0.0008333333333333333,3.0,0.0,25.308705078076343,41.42161160427128,True
23,semantic,1000.0,100.0,8.0,250.0,0.0,22.889106199804615,152.21990200412424,5.504687868763735,5.381687868763735,0.0008333333333333333,3.0,0.0,21.887209070860802,41.07378789954694,True
18,semantic,1000.0,100.0,8.0,250.0,0.0,21.766808727211753,144.80700862097243,8.592277116053433,5.657184744035622,0.0008333333333333333,3.0,0.0,25.250295193422385,41.12875675285911,True
31,semantic,1000.0,100.0,8.0,174.86488531704276,0.0,24.26333424549037,161.31001268252282,5.136420033431418,5.078420033431418,0.0005828829510568092,3.0,0.0,21.21542294981389,41.01327801122887,True
2,semantic,1000.0,100.0,8.0,226.88261328970398,0.0,21.867049962937514,145.46864251522365,5.689454214706573,5.631454214706573,0.0007562753776323467,3.0,0.0,22.321664704790777,41.12362283730767,True
49,semantic,1000.0,100.0,8.0,230.43813072927304,0.0,20.97668505869663,139.5955920453817,5.939380140066908,5.8683801400669084,0.0007681271024309102,3.0,0.0,22.80852840723625,41.17089577433873,True
30,semantic,1000.0,100.0,8.0,250.0,0.0,18.648269607494527,124.28764949035256,6.649161739393807,6.591161739393807,0.0008333333333333333,3.0,0.0,24.24115681212095,41.31510966304772,True
24,semantic,1000.0,100.0,8.0,250.0,0.0,17.224159593716365,114.97647342716823,10.871903808557256,7.124935872371505,0.0008333333333333333,3.0,0.0,28.997673014262094,41.42161160427128,True
31,semantic,1000.0,100.0,8.0,174.86488531704276,0.0,20.32890761922225,135.32860024175105,6.163413680009849,6.053413680009848,0.0005828829510568092,3.0,0.0,23.217410242970757,41.20781481926407,True
45,semantic,1000.0,100.0,8.0,250.0,0.0,21.589584387116616,143.63750276149548,5.787245908975805,5.703245908975806,0.0008333333333333333,3.0,0.0,22.491325151284943,41.137947163517985,True
24,semantic,1000.0,100.0,8.0,250.0,0.0,24.103085957987275,160.24939431151228,5.183031802176671,5.112031802176671,0.0008333333333333333,3.0,0.0,21.295896937686674,41.019984440780554,True
26,semantic,1000.0,100.0,8.0,250.0,0.0,22.69067649381857,150.90846273713666,5.525456331351955,5.4284563313519545,0.0008333333333333333,3.0,0.0,21.95474599603724,41.083119434640075,True
32,semantic,1000.0,100.0,8.0,151.88265934236063,0.0,22.557747333514286,150.03010082032938,5.596237615790476,5.460237615790476,0.000506275531141202,3.0,0.0,22.05698150711209,41.089460634556225,True
46,semantic,1000.0,100.0,8.0,250.0,0.0,17.224159593716365,114.97647342716823,7.195935872371504,7.124935872371505,0.0008333333333333333,3.0,0.0,25.32170507807634,41.42161160427128,True
43,semantic,1000.0,100.0,8.0,166.57066864949235,0.0,20.750989185304746,138.10829277670888,6.0155771959071895,5.93157719590719,0.0005552355621649746,3.0,0.0,22.947709627376543,41.18350524473224,True
42,semantic,1000.0,100.0,8.0,62.77795188963522,0.0,35.90640638206126,238.56440500598245,3.569873548652227,3.433873548652227,0.0002092598396321174,3.0,0.0,18.003956357144087,40.68514784859942,True
47,semantic,1000.0,100.0,8.0,170.32018138676523,0.0,32.35972557537783,215.01011657643343,3.881053280487314,3.8100532804873137,0.000567733937955884,3.0,50.0,68.69167429491259,40.76020557285799,True
16,semantic,1000.0,100.0,8.0,100.25259816885959,0.0,32.369971943802035,215.07815250594544,3.8928480417710243,3.808848041771024,0.00033417532722953197,3.0,0.0,18.70203025886928,40.759965096118876,True
18,semantic,1000.0,100.0,8.0,250.0,0.0,19.0784391373235,127.10896580761323,6.541864017223668,6.444864017223668,0.0008333333333333333,3.0,0.0,23.987561367780668,41.28591942986653,True
34,semantic,1000.0,100.0,8.0,250.0,0.0,26.299945663739052,174.80061862049774,7.233723405429107,4.686482270286071,0.0008333333333333333,3.0,0.0,22.92103900904851,40.93507614636716,True
3,semantic,1000.0,100.0,8.0,250.0,0.0,27.570087545090033,183.22214155256046,4.59407534634398,4.47107534634398,0.0008333333333333333,3.0,0.0,20.065984026021294,40.89209681459466,True
3,semantic,1000.0,100.0,8.0,250.0,0.0,24.746265522608354,164.50720131673557,5.050721212463794,4.979721212463795,0.0008333333333333333,3.0,50.0,71.03127575826092,40.99358500742802,True
18,semantic,1000.0,100.0,8.0,250.0,0.0,19.758653655797616,131.5770799958334,6.336008359707796,6.226008359707795,0.0008333333333333333,3.0,0.0,23.562850052748924,41.24225198528062,True
30,semantic,1000.0,100.0,8.0,250.0,0.0,28.422473001562366,188.8762846952284,4.434230591558197,4.337230591558197,0.0008333333333333333,3.0,0.0,19.772294516449726,40.86539127506663,True
32,semantic,1000.0,100.0,8.0,151.88265934236063,0.0,21.552795913577327,143.39477587537436,5.8098998947072795,5.712899894707279,0.000506275531141202,3.0,0.0,22.523306064945697,41.13987338690991,True
44,semantic,1000.0,100.0,8.0,250.0,0.0,25.86552394649742,171.92148174467854,4.900965911686348,4.764965911686348,0.0008333333333333333,3.0,0.0,20.666765156706028,40.95073569156991,True
13,semantic,1000.0,100.0,8.0,149.31069529634306,0.0,30.842610327990172,204.93762306572452,4.107313854554068,3.997313854554068,0.0004977023176544769,3.0,0.0,19.105125411425792,40.79756896950947,True
49,semantic,1000.0,100.0,8.0,230.43813072927304,0.0,19.33502995356325,128.79349431271484,6.418569719546202,6.360569719546202,0.0007681271024309102,3.0,0.0,23.779907566194836,41.269100506314274,True
18,semantic,1000.0,100.0,8.0,250.0,0.0,17.224159593716365,114.97647342716823,7.234935872371505,7.124935872371505,0.0008333333333333333,3.0,0.0,25.360705078076343,41.42161160427128,True
48,semantic,1000.0,100.0,8.0,250.0,0.0,29.044976306384,193.00657390015698,4.367415013676038,4.244415013676038,0.0008333333333333333,3.0,50.0,69.61266336068542,40.84687213258759,True
38,semantic,1000.0,100.0,8.0,250.0,0.0,17.224159593716365,114.97647342716823,7.221935872371505,7.124935872371505,0.0008333333333333333,3.0,0.0,25.34770507807634,41.42161160427128,True
43,semantic,1000.0,100.0,8.0,166.57066864949235,0.0,20.750989185304746,138.10829277670888,5.98957719590719,5.93157719590719,0.0005552355621649746,3.0,0.0,22.921709627376543,41.18350524473224,True
43,semantic,1000.0,100.0,8.0,166.57066864949235,0.0,25.17053884016228,167.31703767956958,4.980094333016208,4.896094333016208,0.0005552355621649746,3.0,0.0,20.87674390159458,40.97689925131999,True
9,semantic,1000.0,100.0,8.0,187.00878882991657,0.0,23.20716552205981,154.32261771298013,8.147039893441978,5.308359928961319,0.0006233626294330552,3.0,0.0,24.45602318503273,41.059157052054736,True
42,semantic,1000.0,100.0,8.0,62.77795188963522,0.0,38.41253121788624,255.21149163803628,3.3198868069854104,3.2098868069854105,0.0002092598396321174,3.0,0.0,17.529982873810454,40.64045661812938,True
6,semantic,1000.0,100.0,8.0,250.0,0.0,17.224159593716365,114.97647342716823,7.260935872371505,7.124935872371505,0.0008333333333333333,3.0,0.0,25.386705078076343,41.42161160427128,True
25,semantic,1000.0,100.0,8.0,242.781902753889,0.0,22.181354078725008,147.54381039303047,5.662249178178312,5.552249178178312,0.00080927300917963,3.0,0.0,22.215307629365803,41.10781935485361,True
2,semantic,1000.0,100.0,8.0,226.88261328970398,0.0,22.9043041032632,152.32035909219877,5.462138581620216,5.378138581620217,0.0007562753776323467,3.0,0.0,21.841033438618066,41.0730797236587,True
11,semantic,1000.0,100.0,8.0,250.0,0.0,24.01905016245064,159.69325571802807,5.187834671581055,5.129834671581055,0.0008333333333333333,3.0,0.0,21.31850267649544,41.02353658022265,True
16,semantic,1000.0,100.0,8.0,100.25259816885959,0.0,25.161047032928252,167.254166845632,5.020934774659961,4.89793477465996,0.00033417532722953197,3.0,0.0,20.91920372464715,40.97726646770546,True
45,semantic,1000.0,100.0,8.0,250.0,0.0,20.610030819398432,137.17972494950044,6.081727967099874,5.9717279670998735,0.0008333333333333333,3.0,0.0,23.05428926753308,41.19151637680001,True
1,semantic,1000.0,100.0,8.0,198.46286268749444,0.0,29.416491562945453,195.47192384064113,4.300883191326517,4.190883191326517,0.0006615428756249815,3.0,0.0,19.49242792552866,40.83619112980903,True
46,semantic,1000.0,100.0,8.0,250.0,0.0,17.997080782217537,120.0240367091426,10.363949278258183,6.825299518838788,0.0008333333333333333,3.0,0.0,28.190082130430305,41.36182629183143,True
31,semantic_irs,1000.0,100.0,8.0,174.86488531704276,12.0,36.795349982970194,244.46904800073398,3.4869354525630603,3.35093545256306,0.0005828829510568092,3.0,0.0,17.838453788077178,42.16859952283922,True
21,semantic_irs,1000.0,100.0,8.0,250.0,12.0,29.224159593716365,194.1955905771526,4.27642739871345,4.21842739871345,0.0008333333333333333,3.0,0.0,19.495688130760232,42.341686921708515,True
48,semantic_irs,1000.0,100.0,8.0,250.0,12.0,33.412659139334735,222.00204963354778,3.7610560213395745,3.6900560213395743,0.0008333333333333333,3.0,0.0,18.451945376012482,42.23626297195028,True
22,semantic_irs,1000.0,100.0,8.0,80.79964743000203,12.0,39.49825820864015,262.42398586264096,3.231665869478825,3.121665869478825,0.0002693321581000067,3.0,0.0,17.353601071115747,42.12285422692957,True
9,semantic_irs,1000.0,100.0,8.0,187.00878882991657,12.0,39.707610200459854,263.81473798463765,3.2412093838961464,3.1052093838961463,0.0006233626294330552,3.0,0.0,17.347042130421727,42.119570726377574,True
45,semantic_irs,1000.0,100.0,8.0,250.0,12.0,40.63202581053896,269.95583068255274,3.1575704996582052,3.034570499658205,0.0008333333333333333,3.0,0.0,17.192974332649744,42.10547641600843,True
2,semantic_irs,1000.0,100.0,8.0,226.88261328970398,12.0,30.066935450309785,199.7887938200556,4.2103300752585335,4.100330075258533,0.0007562753776323467,3.0,0.0,19.3114164258947,42.318123407809686,True
36,semantic_irs,1000.0,100.0,8.0,218.21125084038505,12.0,35.49888373076301,235.85761148300747,3.5312820147253117,3.473282014725312,0.0007273708361346168,3.0,0.0,18.005291400286758,42.19301087132406,True
20,semantic_irs,1000.0,100.0,8.0,250.0,12.0,29.224159593716365,194.1955905771526,4.35442739871345,4.21842739871345,0.0008333333333333333,3.0,0.0,19.57368813076023,42.341686921708515,True
2,semantic_irs,1000.0,100.0,8.0,226.88261328970398,12.0,34.740431883928125,230.82011815848114,3.6330840509731352,3.549084050973135,0.0007562753776323467,3.0,0.0,18.182924377323904,42.20813536595638,True
37,semantic_irs,1000.0,100.0,8.0,193.03610165005284,12.0,36.35426596018357,241.53919417385367,3.4625820693280986,3.3915820693280985,0.0006434536721668428,3.0,0.0,17.854807592328363,42.17670958910545,True
29,semantic_irs,1000.0,100.0,8.0,250.0,12.0,29.224159593716365,194.1955905771526,6.4341410980701745,4.21842739871345,0.0008333333333333333,3.0,0.0,21.653401830116955,42.341686921708515,True
33,semantic_irs,1000.0,100.0,8.0,250.0,12.0,33.45375791565593,222.27498018950047,3.808525016363026,3.685525016363026,0.0008333333333333333,3.0,0.0,18.494883366059383,42.23535891760242,True
29,semantic_irs,1000.0,100.0,8.0,250.0,12.0,29.224159593716365,194.1955905771526,4.30242739871345,4.21842739871345,0.0008333333333333333,3.0,0.0,19.521688130760232,42.341686921708515,True
38,semantic_irs,1000.0,100.0,8.0,250.0,12.0,29.224159593716365,194.1955905771526,4.35442739871345,4.21842739871345,0.0008333333333333333,3.0,0.0,19.57368813076023,42.341686921708515,True
46,semantic_irs,1000.0,100.0,8.0,250.0,12.0,29.224159593716365,194.1955905771526,4.27642739871345,4.21842739871345,0.0008333333333333333,3.0,0.0,19.495688130760232,42.341686921708515,True
13,semantic_irs,1000.0,100.0,8.0,149.31069529634306,12.0,33.76737804136749,224.3577200667151,3.722311841448569,3.651311841448569,0.0004977023176544769,3.0,0.0,18.374121385214792,42.2285324917442,True
26,semantic_irs,1000.0,100.0,8.0,250.0,12.0,32.798859190678044,217.926046397967,3.8820733808110885,3.7590733808110888,0.0008333333333333333,3.0,0.0,18.64198009495551,42.250033745593505,True
7,semantic_irs,1000.0,100.0,8.0,250.0,12.0,29.224159593716365,194.1955905771526,4.27642739871345,4.21842739871345,0.0008333333333333333,3.0,50.0,69.49568813076023,42.341686921708515,True
37,semantic_irs,1000.0,100.0,8.0,193.03610165005284,12.0,31.49263578861988,209.25299762912988,4.037878206198562,3.9148782061985625,0.0006434536721668428,3.0,0.0,18.95339986606929,42.281120895252094,True
8,semantic_irs,1000.0,100.0,8.0,130.3683820393543,12.0,38.53237247538074,256.00758654787865,3.335905170961771,3.1999051709617707,0.0004345612734645143,3.0,0.0,17.53624490319701,42.138465019909404,True
35,semantic_irs,1000.0,100.0,8.0,243.78846616802173,12.0,36.44271629774778,242.12671085517576,3.5063524484210724,3.3833524484210726,0.0008126282205600724,3.0,0.0,17.890517525062705,42.17506756385922,True
13,semantic_irs,1000.0,100.0,8.0,149.31069529634306,12.0,37.32716598205924,248.0016616071178,3.4392036748921866,3.3032036748921865,0.0004977023176544769,3.0,0.0,17.742905052102028,42.159075781117906,True
48,semantic_irs,1000.0,100.0,8.0,250.0,12.0,35.822518920224994,238.0072131727627,3.5649124911368375,3.4419124911368373,0.0008333333333333333,3.0,0.0,18.007658315607006,42.1867518284986,True
4,semantic_irs,1000.0,100.0,8.0,91.36225643408305,12.0,43.66434172483453,290.1008480102382,2.8818455889349517,2.823845588934952,0.00030454085478027684,3.0,0.0,16.70599571872468,42.0634312686893,True
23,semantic_irs,1000.0,100.0,8.0,250.0,12.0,32.243110559050976,214.23579899520772,3.90782404734479,3.82382404734479,0.0008333333333333333,3.0,0.0,18.73248142802291,42.26295320207388,True
39,semantic_irs,1000.0,100.0,8.0,124.96118493492318,12.0,43.35447556996765,288.0422336146162,2.980027383484473,2.8440273834844727,0.0004165372831164106,3.0,0.0,16.824471304252064,42.06745806610061,True
11,semantic_irs,1000.0,100.0,8.0,250.0,12.0,36.1352214219706,240.0842392414359,3.4701356844927576,3.4121356844927577,0.0008333333333333333,3.0,0.0,17.883104702318846,42.18081057448289,True
5,semantic_irs,1000.0,100.0,8.0,250.0,12.0,34.47049551539493,229.0273206928194,3.6608658408170607,3.5768658408170606,0.0008333333333333333,3.0,0.0,18.238565014967453,42.21367856178818,True
28,semantic_irs,1000.0,100.0,8.0,250.0,12.0,34.19066685246955,227.16886505382757,3.6901279779950955,3.6061279779950954,0.0008333333333333333,3.0,0.0,18.297089289323523,42.21951712574485,True
48,semantic_irs,1000.0,100.0,8.0,250.0,12.0,29.224159593716365,194.1955905771526,4.35442739871345,4.21842739871345,0.0008333333333333333,3.0,0.0,19.57368813076023,42.341686921708515,True
41,semantic_irs,1000.0,100.0,8.0,166.84193255033833,12.0,35.00465234674924,232.57498936093867,3.580304794040704,3.522304794040704,0.0005561397751677944,3.0,0.0,18.103165727856574,42.20279220173836,True
38,semantic_irs,1000.0,100.0,8.0,250.0,12.0,32.410974109062735,215.35040798409742,3.8620327281873266,3.8040327281873267,0.0008333333333333333,3.0,0.0,18.666898789707986,42.25900431474604,True
7,semantic_irs,1000.0,100.0,8.0,250.0,12.0,34.42578198226846,228.7303570419187,3.691509733095322,3.5815097330953223,0.0008333333333333333,3.0,0.0,18.27385279952398,42.21460514011393,True
38,semantic_irs,1000.0,100.0,8.0,250.0,12.0,35.3982043082422,235.18890259682934,3.5541575425321277,3.4831575425321275,0.0008333333333333333,3.0,0.0,18.03814841839759,42.1949812981714,True
35,semantic_irs,1000.0,100.0,8.0,243.78846616802173,12.0,29.929877203328886,198.87910859428334,4.216085236203374,4.119085236203373,0.0008126282205600724,3.0,0.0,19.335983100627306,42.32186555439413,True
14,semantic_irs,1000.0,100.0,8.0,250.0,12.0,32.62610436887579,216.77890253099537,3.8629655286351934,3.7789655286351933,0.0008333333333333333,3.0,0.0,18.64276439060372,42.25400275088523,True
8,semantic_irs,1000.0,100.0,8.0,130.3683820393543,12.0,34.87951425378495,231.74385623249424,3.6579372937772616,3.534937293777262,0.0004345612734645143,3.0,0.0,18.19330914882799,42.20531271680518,True
37,semantic_irs,1000.0,100.0,8.0,193.03610165005284,12.0,31.470188998276996,209.10397033804674,4.001668319141167,3.917668319141167,0.0006434536721668428,3.0,0.0,18.9199800919545,42.28167759597299,True
14,semantic_irs,1000.0,100.0,8.0,250.0,12.0,34.70816815698301,230.6058348002094,5.415572891768322,3.5523819278455484,0.0008333333333333333,3.0,0.0,19.968788152947205,42.20879337890067,True
42,semantic_irs,1000.0,100.0,8.0,62.77795188963522,12.0,44.282510212145105,294.20770590164307,2.907427408145005,2.7844274081450053,0.0002092598396321174,3.0,0.0,16.69206407612964,42.05556630762382,True
2,semantic_irs,1000.0,100.0,8.0,226.88261328970398,12.0,37.8434736868483,251.43133736789747,3.329145975659893,3.2581459756598927,0.0007562753776323467,3.0,50.0,67.58804822669742,42.15008558819017,True
32,semantic_irs,1000.0,100.0,8.0,151.88265934236063,12.0,36.97686360462504,245.67475141970817,3.392489992422898,3.334489992422898,0.000506275531141202,3.0,0.0,17.72748626037694,42.16531822215223,True
28,semantic_irs,1000.0,100.0,8.0,250.0,12.0,36.85441256346044,244.86136979170058,3.429566516665653,3.3455665166656527,0.0008333333333333333,3.0,0.0,17.775966366664637,42.16752827929247,True
10,semantic_irs,1000.0,100.0,8.0,215.22801997108354,12.0,36.144188458174995,240.14380045293788,3.5472893959989715,3.4112893959989714,0.0007174267332369452,3.0,0.0,17.959296218731183,42.18064171772897,True
4,semantic_irs,1000.0,100.0,8.0,91.36225643408305,12.0,37.96762342531045,252.25603679187688,3.331494135000141,3.247494135000141,0.00030454085478027684,3.0,0.0,17.579292810855062,42.14796026656482,True
45,semantic_irs,1000.0,100.0,8.0,250.0,12.0,36.16357503960022,240.2725708922645,3.5194611671979823,3.4094611671979824,0.0008333333333333333,3.0,0.0,17.929755667729296,42.18027693812599,True
36,semantic_irs,1000.0,100.0,8.0,218.21125084038505,12.0,30.405416991338,202.03548818568754,4.151733192453232,4.054733192453232,0.0007273708361346168,3.0,0.0,19.207193755742598,42.30902563361554,True
28,semantic_irs,1000.0,100.0,8.0,250.0,12.0,39.69025580813022,263.69945025408515,3.216566961784211,3.1065669617842113,0.0008333333333333333,3.0,0.0,17.323967256901756,42.11984159877754,True
2,semantic_irs,1000.0,100.0,8.0,226.88261328970398,12.0,32.121575094140525,213.42882309234582,5.863922930024433,3.8382819533496217,0.0007562753776323467,3.0,0.0,20.702961158751688,42.26583793357436,True
43,semantic_irs,1000.0,100.0,8.0,166.57066864949235,12.0,35.41630774632311,235.30914461566795,3.591377663150342,3.481377663150342,0.0005552355621649746,3.0,0.0,18.073310561862847,42.19462616554583,True
10,semantic_irs,1000.0,100.0,8.0,215.22801997108354,12.0,32.02912993127282,212.8150113592898,3.907352518732651,3.849352518732651,0.0007174267332369452,3.0,0.0,18.75742246419854,42.26804680176578,True
38,semantic_irs,1000.0,100.0,8.0,250.0,12.0,29.224159593716365,194.1955905771526,4.35442739871345,4.21842739871345,0.0008333333333333333,3.0,0.0,19.57368813076023,42.341686921708515,True
10,semantic_irs,1000.0,100.0,8.0,215.22801997108354,12.0,33.264794740496015,221.02011506201177,3.816449975243912,3.706449975243912,0.0007174267332369452,3.0,0.0,18.52361737722106,42.23953399579215,True
4,semantic_irs,1000.0,100.0,8.0,91.36225643408305,12.0,45.83777483362354,304.5403364064059,2.7869556546978598,2.68995565469786,0.00030454085478027684,3.0,0.0,16.4772158502505,42.036716714675606,True
35,semantic_irs,1000.0,100.0,8.0,243.78846616802173,12.0,40.49746656202545,269.0619168807739,3.180652359192855,3.0446523591928547,0.0008126282205600724,3.0,0.0,17.22611734660627,42.107488011447856,True
49,semantic_irs,1000.0,100.0,8.0,230.43813072927304,12.0,29.93187289408283,198.89235421851527,4.228810917688555,4.118810917688554,0.0007681271024309102,3.0,0.0,19.348389962479544,42.32181082065463,True
7,semantic_irs,1000.0,100.0,8.0,250.0,12.0,33.46205823846708,222.3301014790121,3.8206112809305415,3.6846112809305414,0.0008333333333333333,3.0,0.0,18.506055895194415,42.23517660341499,True
12,semantic_irs,1000.0,100.0,8.0,250.0,12.0,29.224159593716365,194.1955905771526,6.492641098070175,4.21842739871345,0.0008333333333333333,3.0,0.0,21.711901830116958,42.341686921708515,True
9,semantic_irs,1000.0,100.0,8.0,187.00878882991657,12.0,39.469642387880214,262.2338878731137,3.220928820352859,3.1239288203528592,0.0006233626294330552,3.0,0.0,17.345481003335152,42.12330574498952,True
29,semantic_irs,1000.0,100.0,8.0,250.0,12.0,29.224159593716365,194.1955905771526,4.32842739871345,4.21842739871345,0.0008333333333333333,3.0,0.0,19.547688130760235,42.341686921708515,True
8,semantic_irs,1000.0,100.0,8.0,130.3683820393543,12.0,34.87951425378495,231.74385623249424,5.506405940665893,3.534937293777262,0.0004345612734645143,3.0,0.0,20.04177779571662,42.20531271680518,True
45,semantic_irs,1000.0,100.0,8.0,250.0,12.0,35.53030506425456,236.06631168151176,3.5542113747819366,3.4702113747819365,0.0008333333333333333,3.0,0.0,18.025256082897204,42.192398198107874,True
31,semantic_irs,1000.0,100.0,8.0,174.86488531704276,12.0,33.2469043176727,220.90130980283465,3.766443380128332,3.7084433801283323,0.0005828829510568092,3.0,0.0,18.475469643207724,42.23993173235659,True
15,semantic_irs,1000.0,100.0,8.0,250.0,12.0,31.908057841083405,212.0111367118123,3.999947963797498,3.863947963797498,0.0008333333333333333,3.0,0.0,18.86472926092833,42.270958975916585,True
26,semantic_irs,1000.0,100.0,8.0,250.0,12.0,37.32624000666307,247.99551069808248,3.3612856026064106,3.303285602606411,0.0008333333333333333,3.0,0.0,17.665404538546156,42.15909212784598,True
12,semantic_irs,1000.0,100.0,8.0,250.0,12.0,35.02449509303338,232.70678017732757,3.656309977112622,3.520309977112622,0.0008333333333333333,3.0,0.0,18.177453287558578,42.20239418343418,True
9,semantic_irs,1000.0,100.0,8.0,187.00878882991657,12.0,31.745719417107182,210.93329133997796,3.954692302888453,3.883692302888453,0.0006233626294330552,3.0,0.0,18.83900796840634,42.274898489488805,True
23,semantic_irs,1000.0,100.0,8.0,250.0,12.0,40.11790986631742,266.54043175584843,3.1444549149015746,3.0734549149015744,0.0008333333333333333,3.0,0.0,17.21874316313648,42.1132348768459,True
33,semantic_irs,1000.0,100.0,8.0,250.0,12.0,31.0775969157815,206.4975894482352,4.025116527553252,3.9671165275532525,0.0008333333333333333,3.0,0.0,18.993066388439836,42.29154381065172,True
30,semantic_irs,1000.0,100.0,8.0,250.0,12.0,30.815929483488944,204.7605057023276,4.1367715217841825,4.000771521784182,0.0008333333333333333,3.0,0.0,19.138376376901697,42.29825886482167,True
5,semantic_irs,1000.0,100.0,8.0,250.0,12.0,31.794032281767883,211.2540616578185,3.948795264958786,3.877795264958786,0.0008333333333333333,3.0,0.0,18.827423863250907,42.2737218757337,True
14,semantic_irs,1000.0,100.0,8.0,250.0,12.0,29.224159593716365,194.1955905771526,4.32842739871345,4.21842739871345,0.0008333333333333333,3.0,50.0,69.54768813076024,42.341686921708515,True
28,semantic_irs,1000.0,100.0,8.0,250.0,12.0,30.649442793155046,203.65532573893137,4.132482579464404,4.022482579464404,0.0008333333333333333,3.0,0.0,19.155798492262143,42.302590790342414,True
32,semantic_irs,1000.0,100.0,8.0,151.88265934236063,12.0,36.1935166589485,240.47145076099045,3.5036414013288417,3.4066414013288417,0.000506275531141202,3.0,0.0,17.910789078188824,42.17971432086842,True
47,semantic_irs,1000.0,100.0,8.0,170.32018138676523,12.0,43.5909504044304,289.61326778074016,4.446899537773586,2.828599691849057,0.000567733937955884,3.0,0.0,18.2760669635606,42.0643798369279,True
34,semantic_irs,1000.0,100.0,8.0,250.0,12.0,37.63663963311478,250.0573928686468,3.3340479128498286,3.2760479128498288,0.0008333333333333333,3.0,0.0,17.61092915903299,42.15365749425417,True
21,semantic_irs,1000.0,100.0,8.0,250.0,12.0,31.17634282878923,207.15313736582402,4.064562361048513,3.954562361048513,0.0008333333333333333,3.0,0.0,19.019958055430358,42.28903892511944,True
6,semantic_irs,1000.0,100.0,8.0,250.0,12.0,35.497320367636235,235.8472276510615,3.596434935652562,3.4734349356525622,0.0008333333333333333,3.0,0.0,18.070703204638455,42.19304138306039,True
42,semantic_irs,1000.0,100.0,8.0,62.77795188963522,12.0,44.260252151996454,294.0598320813153,2.9088276127066193,2.7858276127066195,0.0002092598396321174,3.0,0.0,16.69486448525287,42.05584568516333,True
9,semantic_irs,1000.0,100.0,8.0,187.00878882991657,12.0,31.745719417107182,210.93329133997796,4.006692302888453,3.883692302888453,0.0006233626294330552,3.0,0.0,18.89100796840634,42.274898489488805,True
46,semantic_irs,1000.0,100.0,8.0,250.0,12.0,39.30023393562033,261.1084921488059,3.2473931703957652,3.1373931703957654,0.0008333333333333333,3.0,0.0,17.385619674124865,42.12599223601314,True
25,semantic_irs,1000.0,100.0,8.0,242.781902753889,12.0,36.51913826828745,242.6343332930241,3.4732740370740127,3.3762740370740127,0.00080927300917963,3.0,0.0,17.850357347157207,42.17365523511816,True
41,semantic_irs,1000.0,100.0,8.0,166.84193255033833,12.0,40.91420014723269,271.8303994802684,3.123643807191123,3.013643807191123,0.0005561397751677944,3.0,50.0,67.13784375415742,42.10130099192278,True
24,semantic_irs,1000.0,100.0,8.0,250.0,12.0,32.82184262598639,218.07866513203027,3.840442655699657,3.756442655699657,0.0008333333333333333,3.0,0.0,18.597718644732648,42.24950884692591,True
35,semantic_irs,1000.0,100.0,8.0,243.78846616802173,12.0,37.50464325674632,249.18058133830172,3.3455756032040376,3.2875756032040377,0.0008126282205600724,3.0,0.0,17.633963834628638,42.15595757086841,True
44,semantic_irs,1000.0,100.0,8.0,250.0,12.0,29.224159593716365,194.1955905771526,4.31542739871345,4.21842739871345,0.0008333333333333333,3.0,0.0,19.53468813076023,42.341686921708515,True
25,semantic_irs,1000.0,100.0,8.0,242.781902753889,12.0,29.478633551304085,195.8843179361224,4.318060149741747,4.182060149741747,0.00080927300917963,3.0,0.0,19.500929572492673,42.33443070157128,True
16,semantic_irs,1000.0,100.0,8.0,100.25259816885959,12.0,44.45196668798185,295.3335091699549,2.8838132469369633,2.7738132469369634,0.00033417532722953197,3.0,0.0,16.657960669201156,42.053448504037476,True
46,semantic_irs,1000.0,100.0,8.0,250.0,12.0,34.41324160255677,228.6470706664609,3.6408143243304814,3.5828143243304815,0.0008333333333333333,3.0,0.0,18.224461981994295,42.21486544028673,True
46,semantic_irs,1000.0,100.0,8.0,250.0,12.0,29.790164252741334,197.95183353326593,4.261380460428183,4.138380460428182,0.0008333333333333333,3.0,0.0,19.4005942541897,42.32571545776959,True
33,semantic_irs,1000.0,100.0,8.0,250.0,12.0,29.224159593716365,194.1955905771526,6.512141098070176,4.21842739871345,0.0008333333333333333,3.0,0.0,21.73140183011696,42.341686921708515,True
21,semantic_irs,1000.0,100.0,8.0,250.0,12.0,37.132055971209354,246.70562405127515,3.443556647827931,3.320556647827931,0.0008333333333333333,3.0,0.0,17.764946628989193,42.16253815441305,True
44,semantic_irs,1000.0,100.0,8.0,250.0,12.0,30.587360513137725,203.24321741532196,4.114638810081357,4.030638810081357,0.0008333333333333333,3.0,0.0,19.146110953496045,42.30421817230064,True
27,semantic_irs,1000.0,100.0,8.0,250.0,12.0,37.560076076653345,249.5488040273202,3.4187246084910727,3.2827246084910726,0.0008333333333333333,3.0,50.0,67.70228255031547,42.154989670174324,True
5,semantic_irs,1000.0,100.0,8.0,250.0,12.0,30.57420108192356,203.1558644654986,4.14237190398273,4.03237190398273,0.0008333333333333333,3.0,0.0,19.175577141298795,42.304563969995606,True
15,semantic_irs,1000.0,100.0,8.0,250.0,12.0,29.224159593716365,194.1955905771526,4.31542739871345,4.21842739871345,0.0008333333333333333,3.0,0.0,19.53468813076023,42.341686921708515,True
38,semantic_irs,1000.0,100.0,8.0,250.0,12.0,32.97889445565238,219.121560058411,3.861564109262579,3.7385641092625788,0.0008333333333333333,3.0,0.0,18.60096155185849,42.24594160793068,True
36,semantic_irs,1000.0,100.0,8.0,218.21125084038505,12.0,37.81184185769756,251.22121469438827,3.3708711051594924,3.2608711051594925,0.0007273708361346168,3.0,0.0,17.63246958115512,42.15062932300957,True
1,semantic_irs,1000.0,100.0,8.0,198.46286268749444,12.0,31.22937473800299,207.5052068461858,4.057852742833753,3.9478527428337533,0.0006615428756249815,3.0,0.0,19.00636702854313,42.28770018028227,True
43,semantic_irs,1000.0,100.0,8.0,166.57066864949235,12.0,44.18408541530255,293.5538103769772,2.8746297620459984,2.7906297620459983,0.0005552355621649746,3.0,0.0,16.66581475965416,42.05680383992409,True
34,semantic_irs,1000.0,100.0,8.0,250.0,12.0,29.224159593716365,194.1955905771526,4.34142739871345,4.21842739871345,0.0008333333333333333,3.0,0.0,19.560688130760234,42.341686921708515,True
28,semantic_irs,1000.0,100.0,8.0,250.0,12.0,36.31800125949685,241.29831271814373,3.4529677922401922,3.3949677922401924,0.0008333333333333333,3.0,0.0,17.848768917813718,42.17738512963899,True
44,semantic_irs,1000.0,100.0,8.0,250.0,12.0,29.224159593716365,194.1955905771526,4.30242739871345,4.21842739871345,0.0008333333333333333,3.0,0.0,19.521688130760232,42.341686921708515,True
11,semantic_irs,1000.0,100.0,8.0,250.0,12.0,30.261005453052604,201.07692650088953,4.14506266972345,4.0740626697234505,0.0008333333333333333,3.0,0.0,19.219958672780233,42.31288237137207,True
3,semantic_irs,1000.0,100.0,8.0,250.0,12.0,42.07071335295723,279.51356041781287,3.027805928612092,2.930805928612092,0.0008333333333333333,3.0,0.0,16.959445190557517,42.084772662184704,True
47,semantic_irs,1000.0,100.0,8.0,170.32018138676523,12.0,37.36884711389989,248.27853406339273,3.3705200454616606,3.2995200454616604,0.000567733937955884,3.0,0.0,17.67060782486128,42.1583408004194,True
2,semantic_irs,1000.0,100.0,8.0,226.88261328970398,12.0,30.066935450309785,199.7887938200556,4.2103300752585335,4.100330075258533,0.0007562753776323467,3.0,0.0,19.3114164258947,42.318123407809686,True
23,semantic_irs,1000.0,100.0,8.0,250.0,12.0,34.39974763605356,228.55745118384084,3.6812191788403963,3.5842191788403963,0.0008333333333333333,3.0,50.0,68.26627169101413,42.215145745612894,True
40,semantic_irs,1000.0,100.0,8.0,135.77951312679298,12.0,34.526274825878886,229.39777891671494,5.541134252531833,3.5710895016878887,0.00045259837708930994,3.0,0.0,20.11267635259681,42.21252603060989,True
6,semantic_irs,1000.0,100.0,8.0,250.0,12.0,33.36379211986808,221.6775329200272,3.831457943839244,3.695457943839244,0.0008333333333333333,3.0,0.0,18.52774922101182,42.23734079718948,True
49,semantic_irs,1000.0,100.0,8.0,230.43813072927304,12.0,35.70297642756303,237.21320069527732,3.5374334413047257,3.4534334413047256,0.0007681271024309102,3.0,0.0,17.991635009711885,42.18905056026886,True
47,semantic_irs,1000.0,100.0,8.0,170.32018138676523,12.0,37.41863516584249,248.6092584513991,3.3791307006941027,3.2951307006941026,0.000567733937955884,3.0,0.0,17.67482913532616,42.157465010999196,True
31,semantic_irs,1000.0,100.0,8.0,174.86488531704276,12.0,39.200628143554766,260.4468042263289,3.2033639925952526,3.145363992595253,0.0005828829510568092,3.0,50.0,67.34931086814157,42.127582624128536,True
16,semantic_irs,1000.0,100.0,8.0,100.25259816885959,12.0,37.16104703292825,246.89819934720123,3.3759666849169596,3.31796668491696,0.00033417532722953197,3.0,0.0,17.69426754516115,42.162021388873704,True
35,semantic_irs,1000.0,100.0,8.0,243.78846616802173,12.0,34.78031782338883,231.08502608066857,3.6290155031422446,3.5450155031422446,0.0008126282205600724,3.0,0.0,18.174843634505052,42.20732358394002,True
38,semantic_irs,1000.0,100.0,8.0,250.0,12.0,29.935638524952424,198.91734715139566,4.228293410461121,4.118293410461121,0.0008333333333333333,3.0,0.0,19.347420154255573,42.32170756438777,True
2,semantic_irs,1000.0,100.0,8.0,226.88261328970398,12.0,35.064374826992676,232.971652486993,3.6523076333749946,3.5163076333749945,0.0007562753776323467,3.0,0.0,18.16937154212762,42.20159561087105,True
16,semantic_irs,1000.0,100.0,8.0,100.25259816885959,12.0,49.979019221776554,332.05370615032683,3.787606188818442,2.4670707925456283,0.00033417532722953197,3.0,0.0,17.2550111566913,41.99224533807267,True
39,semantic_irs,1000.0,100.0,8.0,124.96118493492318,12.0,41.0957401038748,273.03642914915923,3.084332236078552,3.000332236078552,0.0004165372831164106,3.0,0.0,17.085081009440223,42.098644984303384,True
32,semantic_irs,1000.0,100.0,8.0,151.88265934236063,12.0,38.22469677632735,253.9637304032365,3.3356574539179165,3.2256574539179166,0.000506275531141202,3.0,0.0,17.561821183366973,42.14360327588009,True
18,semantic_irs,1000.0,100.0,8.0,250.0,12.0,29.224159593716365,194.1955905771526,4.27642739871345,4.21842739871345,0.0008333333333333333,3.0,0.0,19.495688130760232,42.341686921708515,True
22,semantic_irs,1000.0,100.0,8.0,80.79964743000203,12.0,41.34896287920766,274.71867787792985,3.117959604377567,2.981959604377567,0.0002693321581000067,3.0,0.0,17.100188540913233,42.09497916233741,True
18,semantic_irs,1000.0,100.0,8.0,250.0,12.0,29.224159593716365,194.1955905771526,4.34142739871345,4.21842739871345,0.0008333333333333333,3.0,0.0,19.560688130760234,42.341686921708515,True
11,semantic_irs,1000.0,100.0,8.0,250.0,12.0,29.224159593716365,194.1955905771526,4.30242739871345,4.21842739871345,0.0008333333333333333,3.0,0.0,19.521688130760232,42.341686921708515,True
40,semantic_irs,1000.0,100.0,8.0,135.77951312679298,12.0,34.526274825878886,229.39777891671494,3.6940895016878885,3.5710895016878887,0.00045259837708930994,3.0,0.0,18.265631601752865,42.21252603060989,True
12,semantic_irs,1000.0,100.0,8.0,250.0,12.0,34.69219955573007,230.49977764527912,3.677016443610995,3.554016443610995,0.0008333333333333333,3.0,0.0,18.23186622055532,42.20911950767167,True
23,semantic_irs,1000.0,100.0,8.0,250.0,12.0,29.224159593716365,194.1955905771526,4.28942739871345,4.21842739871345,0.0008333333333333333,3.0,0.0,19.508688130760234,42.341686921708515,True
4,semantic_irs,1000.0,100.0,8.0,91.36225643408305,12.0,38.93001100123679,258.6490858272186,3.2512255766147877,3.1672255766147877,0.00030454085478027684,3.0,0.0,17.418755694084354,42.131944583602504,True
2,semantic_irs,1000.0,100.0,8.0,226.88261328970398,12.0,36.71557261711712,243.93913051310977,3.4292148066071535,3.3582148066071533,0.0007562753776323467,3.0,0.0,17.78818588859194,42.17005194491937,True
21,semantic_irs,1000.0,100.0,8.0,250.0,12.0,29.224159593716365,194.1955905771526,4.31542739871345,4.21842739871345,0.0008333333333333333,3.0,0.0,19.53468813076023,42.341686921708515,True
1,semantic_irs,1000.0,100.0,8.0,198.46286268749444,12.0,37.69359094664944,250.43570444046486,3.3940990704392364,3.2710990704392366,0.0006615428756249815,3.0,0.0,17.665859683754096,42.15267007037772,True
32,semantic_irs,1000.0,100.0,8.0,151.88265934236063,12.0,38.278171167076806,254.31895343268621,3.279151978422355,3.221151978422355,0.000506275531141202,3.0,0.0,17.50081023237585,42.142704315333354,True
14,semantic_irs,1000.0,100.0,8.0,250.0,12.0,29.224159593716365,194.1955905771526,4.30242739871345,4.21842739871345,0.0008333333333333333,3.0,0.0,19.521688130760232,42.341686921708515,True
29,semantic_irs,1000.0,100.0,8.0,250.0,12.0,29.253854047360818,194.3926414673586,4.272151285852844,4.214151285852844,0.0008333333333333333,3.0,0.0,19.48713590503902,42.340833725023984,True
35,semantic_irs,1000.0,100.0,8.0,243.78846616802173,12.0,29.442696668341142,195.64582847876795,4.310158021050789,4.187158021050789,0.0008126282205600724,3.0,0.0,19.49812867032214,42.33544786062223,True
49,semantic_irs,1000.0,100.0,8.0,230.43813072927304,12.0,29.93187289408283,198.89235421851527,4.215810917688555,4.118810917688554,0.0007681271024309102,3.0,0.0,19.33538996247954,42.32181082065463,True
8,semantic_irs,1000.0,100.0,8.0,130.3683820393543,12.0,34.87951425378495,231.74385623249424,3.5929372937772617,3.534937293777262,0.0004345612734645143,3.0,0.0,18.128309148827988,42.20531271680518,True
49,semantic_irs,1000.0,100.0,8.0,230.43813072927304,12.0,35.385897323807285,235.1071603800246,3.6073685691063355,3.4843685691063353,0.0007681271024309102,3.0,0.0,18.0925052653151,42.19522292973999,True
17,semantic_irs,1000.0,100.0,8.0,242.1440540839596,12.0,29.50148358137507,196.03595971485083,4.262825156321261,4.1788251563212615,0.000807146846946532,3.0,0.0,19.442457459489468,42.33378523552518,True
2,semantic_irs,1000.0,100.0,8.0,226.88261328970398,12.0,30.066935450309785,199.7887938200556,4.2103300752585335,4.100330075258533,0.0007562753776323467,3.0,0.0,19.3114164258947,42.318123407809686,True
48,semantic_irs,1000.0,100.0,8.0,250.0,12.0,29.843312699329857,198.30457622074604,6.28352871062411,4.131019140416074,0.0008333333333333333,3.0,0.0,21.415381184373516,42.32424668132873,True
1,semantic_irs,1000.0,100.0,8.0,198.46286268749444,12.0,32.249424208926854,214.27772098420036,3.894075941994003,3.823075941994003,0.0006615428756249815,3.0,0.0,18.71781342686363,42.26280393543248,True
27,semantic_irs,1000.0,100.0,8.0,250.0,12.0,31.387968001530922,208.55809867589218,4.011922268188061,3.9279222681880612,0.0008333333333333333,3.0,0.0,18.940677869709454,42.283723527784275,True
21,semantic_irs,1000.0,100.0,8.0,250.0,12.0,29.780511369586776,197.88776847699933,4.210720237914635,4.139720237914635,0.0008333333333333333,3.0,0.0,19.351273809162603,42.32598277852251,True
20,semantic_irs,1000.0,100.0,8.0,250.0,12.0,29.90806981077182,198.73437087785646,4.232085155081132,4.122085155081131,0.0008333333333333333,3.0,0.0,19.355003643495596,42.3224641169026,True
3,semantic_irs,1000.0,100.0,8.0,250.0,12.0,37.91456857297524,251.90360460263588,3.323037624837656,3.252037624837656,0.0008333333333333333,3.0,0.0,17.575908583008644,42.148866811969945,True
45,semantic_irs,1000.0,100.0,8.0,250.0,12.0,29.224159593716365,194.1955905771526,4.28942739871345,4.21842739871345,0.0008333333333333333,3.0,0.0,19.508688130760234,42.341686921708515,True
15,semantic_irs,1000.0,100.0,8.0,250.0,12.0,29.224159593716365,194.1955905771526,4.32842739871345,4.21842739871345,0.0008333333333333333,3.0,0.0,19.547688130760235,42.341686921708515,True
22,semantic_irs,1000.0,100.0,8.0,80.79964743000203,12.0,39.03477045254131,259.3450045871361,3.2167267366268506,3.1587267366268508,0.0002693321581000067,3.0,0.0,17.375722805411797,42.13024884208762,True
